대여소_ID,시군구,시군구코드,,
1,강남구,11010,,
2,강남구,11010,,
3,강남구,11010,,
4,강남구,11010,,
5,강남구,11010,,
6,강남구,11010,,
7,강남구,11010,,
8,강남구,11010,,
9,강남구,11010,,
10,강남구,11010,,
11,강남구,11010,,
12,강남구,11010,,
13,강남구,11010,,
14,강남구,11010,,
15,강남구,11010,,
16,강남구,11010,,
17,강남구,11010,,
18,강남구,11010,,
19,강남구,11010,,
20,강남구,11010,,
21,강남구,11010,,
22,강남구,11010,,
23,강남구,11010,,
24,강남구,11010,,
25,강남구,11010,,
26,강남구,11010,,
27,강남구,11010,,
28,강남구,11010,,
29,강남구,11010,,
30,강남구,11010,,
31,강남구,11010,,
32,강남구,11010,,
33,강남구,11010,,
34,강남구,11010,,
35,강남구,11010,,
36,강남구,11010,,
37,강남구,11010,,
38,강남구,11010,,
39,강남구,11010,,
40,강남구,11010,,
41,강남구,11010,,
42,강남구,11010,,
43,강남구,11010,,
44,강남구,11010,,
45,강남구,11010,,
46,강남구,11010,,
47,강남구,11010,,
48,강남구,11010,,
49,강남구,11010,,
50,강남구,11010,,
51,강남구,11010,,
52,강남구,11010,,
53,강남구,11010,,
54,강남구,11010,,
55,강남구,11010,,
56,강남구,11010,,
57,강남구,11010,,
58,강남구,11010,,
59,강남구,11010,,
60,강남구,11010,,
61,강남구,11010,,
62,강남구,11010,,
63,강남구,11010,,
64,강남구,11010,,
65,강남구,11010,,
66,강남구,11010,,
67,강남구,11010,,
68,강남구,11010,,
69,강남구,11010,,
70,강남구,11010,,
71,강남구,11010,,
72,강남구,11010,,
73,강남구,11010,,
74,강남구,11010,,
75,강남구,11010,,
76,강남구,11010,,
77,강남구,11010,,
78,강남구,11010,,
79,강남구,11010,,
80,강남구,11010,,
81,강남구,11010,,
82,강남구,11010,,
83,강남구,11010,,
84,강남구,11010,,
85,강남구,11010,,
86,강남구,11010,,
87,강남구,11010,,
88,강남구,11010,,
89,강남구,11010,,
90,강남구,11010,,
91,강남구,11010,,
92,강남구,11010,,
93,강남구,11010,,
94,강남구,11010,,
95,강남구,11010,,
96,강남구,11010,,
97,강남구,11010,,
98,강남구,11010,,
99,강남구,11010,,
100,강남구,11010,,
101,강남구,11010,,
102,강남구,11010,,
103,강남구,11010,,
104,강남구,11010,,
105,강남구,11010,,
106,강남구,11010,,
107,강남구,11010,,
108,강남구,11010,,
109,강남구,11010,,
110,강남구,11010,,
111,강남구,11010,,
112,강남구,11010,,
113,강남구,11010,,
114,강남구,11010,,
115,강남구,11010,,
116,강남구,11010,,
117,강남구,11010,,
118,강남구,11010,,
119,강남구,11010,,
120,강남구,11010,,
121,강남구,11010,,
122,강남구,11010,,
123,강남구,11010,,
124,강남구,11010,,
125,강남구,11020,,
126,강남구,11020,,
127,강남구,11020,,
128,강남구,11020,,
129,강남구,11020,,
130,강남구,11020,,
131,강남구,11020,,
132,강남구,11020,,
133,강남구,11020,,
134,강남구,11020,,
135,강남구,11020,,
136,강남구,11020,,
137,강남구,11020,,
138,강남구,11020,,
139,강남구,11020,,
140,강남구,11020,,
141,강남구,11020,,
142,강남구,11020,,
143,강남구,11020,,
144,강남구,11020,,
145,강남구,11020,,
146,강남구,11020,,
147,강남구,11020,,
148,강남구,11020,,
149,강남구,11020,,
150,강남구,11020,,
151,강남구,11020,,
152,강남구,11020,,
153,강남구,11020,,
154,강남구,11020,,
155,강남구,11020,,
156,강남구,11020,,
157,강남구,11020,,
158,강남구,11020,,
159,강남구,11020,,
160,강남구,11020,,
161,강남구,11020,,
162,강남구,11020,,
163,강남구,11020,,
164,강남구,11020,,
165,강남구,11020,,
166,강남구,11020,,
167,강남구,11020,,
168,강남구,11020,,
169,강남구,11020,,
170,강남구,11020,,
171,강남구,11020,,
172,강남구,11020,,
173,강남구,11020,,
174,강남구,11020,,
175,강남구,11020,,
176,강남구,11020,,
177,강남구,11020,,
178,강남구,11020,,
179,강남구,11020,,
180,강남구,11020,,
181,강남구,11020,,
182,강남구,11020,,
183,강남구,11020,,
184,강남구,11020,,
185,강남구,11020,,
186,강남구,11020,,
187,강동구,11020,,
188,강동구,11020,,
189,강동구,11020,,
190,강동구,11020,,
191,강동구,11020,,
192,강동구,11020,,
193,강동구,11020,,
194,강동구,11020,,
195,강동구,11020,,
196,강동구,11020,,
197,강동구,11020,,
198,강동구,11020,,
199,강동구,11020,,
200,강동구,11020,,
201,강동구,11020,,
202,강동구,11020,,
203,강동구,11020,,
204,강동구,11020,,
205,강동구,11020,,
206,강동구,11020,,
207,강동구,11020,,
208,강동구,11020,,
209,강동구,11020,,
210,강동구,11020,,
211,강동구,11020,,
212,강동구,11020,,
213,강동구,11020,,
214,강동구,11020,,
215,강동구,11020,,
216,강동구,11020,,
217,강동구,11020,,
218,강동구,11020,,
219,강동구,11020,,
220,강동구,11020,,
221,강동구,11020,,
222,강동구,11020,,
223,강동구,11020,,
224,강동구,11020,,
225,강동구,11020,,
226,강동구,11020,,
227,강동구,11020,,
228,강동구,11020,,
229,강동구,11020,,
230,강동구,11020,,
231,강동구,11020,,
232,강동구,11020,,
233,강동구,11030,,
234,강동구,11030,,
235,강동구,11030,,
236,강동구,11030,,
237,강동구,11030,,
238,강동구,11030,,
239,강동구,11030,,
240,강동구,11030,,
241,강동구,11030,,
242,강동구,11030,,
243,강동구,11030,,
244,강동구,11030,,
245,강동구,11030,,
246,강동구,11030,,
247,강동구,11030,,
248,강동구,11030,,
249,강동구,11030,,
250,강동구,11030,,
251,강동구,11030,,
252,강동구,11030,,
253,강동구,11030,,
254,강동구,11030,,
255,강동구,11030,,
256,강동구,11030,,
257,강동구,11030,,
258,강동구,11030,,
259,강동구,11030,,
260,강동구,11030,,
261,강동구,11030,,
262,강동구,11030,,
263,강동구,11030,,
264,강동구,11030,,
265,강동구,11030,,
266,강동구,11030,,
267,강동구,11030,,
268,강동구,11030,,
269,강동구,11030,,
270,강동구,11030,,
271,강동구,11030,,
272,강동구,11030,,
273,강동구,11030,,
274,강동구,11030,,
275,강동구,11030,,
276,강동구,11030,,
277,강동구,11030,,
278,강동구,11030,,
279,강동구,11030,,
280,강동구,11030,,
281,강동구,11030,,
282,강동구,11030,,
283,강동구,11030,,
284,강동구,11030,,
285,강동구,11030,,
286,강동구,11030,,
287,강동구,11030,,
288,강동구,11030,,
289,강동구,11030,,
290,강동구,11030,,
291,강동구,11030,,
292,강동구,11030,,
293,강동구,11030,,
294,강동구,11030,,
295,강동구,11030,,
296,강동구,11030,,
297,강동구,11030,,
298,강동구,11030,,
299,강동구,11030,,
300,강동구,11030,,
301,강동구,11030,,
302,강동구,11030,,
303,강동구,11030,,
304,강동구,11030,,
305,강동구,11030,,
306,강동구,11030,,
307,강동구,11030,,
308,강동구,11030,,
309,강동구,11030,,
310,강동구,11030,,
311,강동구,11030,,
312,강동구,11030,,
313,강동구,11030,,
314,강동구,11030,,
315,강동구,11030,,
316,강동구,11030,,
317,강동구,11030,,
318,강동구,11030,,
319,강동구,11030,,
320,강북구,11030,,
321,강북구,11030,,
322,강북구,11030,,
323,강북구,11030,,
324,강북구,11030,,
325,강북구,11030,,
326,강북구,11030,,
327,강북구,11030,,
328,강북구,11030,,
329,강북구,11030,,
330,강북구,11030,,
331,강북구,11030,,
332,강북구,11030,,
333,강북구,11030,,
334,강북구,11040,,
335,강북구,11040,,
336,강북구,11040,,
337,강북구,11040,,
338,강북구,11040,,
339,강북구,11040,,
340,강북구,11040,,
341,강북구,11040,,
342,강북구,11040,,
343,강북구,11040,,
344,강북구,11040,,
345,강북구,11040,,
346,강북구,11040,,
347,강북구,11040,,
348,강북구,11040,,
349,강북구,11040,,
350,강북구,11040,,
351,강북구,11040,,
352,강북구,11040,,
353,강북구,11040,,
354,강북구,11040,,
355,강북구,11040,,
356,강북구,11040,,
357,강북구,11040,,
358,강북구,11040,,
359,강북구,11040,,
360,강북구,11040,,
361,강북구,11040,,
362,강북구,11040,,
363,강북구,11040,,
364,강북구,11040,,
365,강북구,11040,,
366,강북구,11040,,
367,강북구,11040,,
368,강북구,11040,,
369,강북구,11040,,
370,강북구,11040,,
371,강북구,11040,,
372,강북구,11040,,
373,강북구,11040,,
374,강북구,11040,,
375,강북구,11040,,
376,강북구,11040,,
377,강북구,11040,,
378,강북구,11040,,
379,강북구,11040,,
380,강북구,11040,,
381,강북구,11040,,
382,강북구,11040,,
383,강북구,11040,,
384,강북구,11040,,
385,강북구,11040,,
386,강북구,11040,,
387,강북구,11040,,
388,강북구,11040,,
389,강북구,11040,,
390,강북구,11040,,
391,강북구,11040,,
392,강북구,11040,,
393,강서구,11040,,
394,강서구,11040,,
395,강서구,11040,,
396,강서구,11040,,
397,강서구,11040,,
398,강서구,11040,,
399,강서구,11040,,
400,강서구,11040,,
401,강서구,11040,,
402,강서구,11040,,
403,강서구,11040,,
404,강서구,11040,,
405,강서구,11040,,
406,강서구,11040,,
407,강서구,11040,,
408,강서구,11040,,
409,강서구,11040,,
410,강서구,11040,,
411,강서구,11040,,
412,강서구,11040,,
413,강서구,11040,,
414,강서구,11040,,
415,강서구,11040,,
416,강서구,11040,,
417,강서구,11040,,
418,강서구,11040,,
419,강서구,11040,,
420,강서구,11040,,
421,강서구,11040,,
422,강서구,11040,,
423,강서구,11040,,
424,강서구,11040,,
425,강서구,11040,,
426,강서구,11040,,
427,강서구,11040,,
428,강서구,11040,,
429,강서구,11040,,
430,강서구,11040,,
431,강서구,11040,,
432,강서구,11040,,
433,강서구,11040,,
434,강서구,11040,,
435,강서구,11040,,
436,강서구,11040,,
437,강서구,11040,,
438,강서구,11040,,
439,강서구,11040,,
440,강서구,11040,,
441,강서구,11040,,
442,강서구,11040,,
443,강서구,11040,,
444,강서구,11040,,
445,강서구,11040,,
446,강서구,11040,,
447,강서구,11050,,
448,강서구,11050,,
449,강서구,11050,,
450,강서구,11050,,
451,강서구,11050,,
452,강서구,11050,,
453,강서구,11050,,
454,강서구,11050,,
455,강서구,11050,,
456,강서구,11050,,
457,강서구,11050,,
458,강서구,11050,,
459,강서구,11050,,
460,강서구,11050,,
461,강서구,11050,,
462,강서구,11050,,
463,강서구,11050,,
464,강서구,11050,,
465,강서구,11050,,
466,강서구,11050,,
467,강서구,11050,,
468,강서구,11050,,
469,강서구,11050,,
470,강서구,11050,,
471,강서구,11050,,
472,강서구,11050,,
473,강서구,11050,,
474,강서구,11050,,
475,강서구,11050,,
476,강서구,11050,,
477,강서구,11050,,
478,강서구,11050,,
479,강서구,11050,,
480,강서구,11050,,
481,강서구,11050,,
482,강서구,11050,,
483,강서구,11050,,
484,강서구,11050,,
485,강서구,11050,,
486,강서구,11050,,
487,강서구,11050,,
488,강서구,11050,,
489,강서구,11050,,
490,강서구,11050,,
491,강서구,11050,,
492,강서구,11050,,
493,강서구,11050,,
494,강서구,11050,,
495,강서구,11050,,
496,강서구,11050,,
497,강서구,11050,,
498,강서구,11050,,
499,강서구,11050,,
500,강서구,11050,,
501,강서구,11050,,
502,강서구,11050,,
503,강서구,11050,,
504,강서구,11050,,
505,강서구,11050,,
506,강서구,11050,,
507,강서구,11050,,
508,강서구,11050,,
509,강서구,11050,,
510,강서구,11050,,
511,강서구,11050,,
512,강서구,11050,,
513,강서구,11050,,
514,강서구,11050,,
515,강서구,11050,,
516,강서구,11050,,
517,강서구,11050,,
518,강서구,11050,,
519,강서구,11050,,
520,강서구,11050,,
521,강서구,11050,,
522,강서구,11050,,
523,강서구,11050,,
524,강서구,11050,,
525,강서구,11050,,
526,강서구,11050,,
527,강서구,11050,,
528,강서구,11050,,
529,강서구,11050,,
530,강서구,11050,,
531,강서구,11050,,
532,강서구,11050,,
533,강서구,11050,,
534,강서구,11050,,
535,강서구,11050,,
536,강서구,11050,,
537,강서구,11050,,
538,강서구,11050,,
539,강서구,11050,,
540,강서구,11050,,
541,강서구,11050,,
542,강서구,11050,,
543,강서구,11050,,
544,강서구,11050,,
545,강서구,11050,,
546,강서구,11050,,
547,강서구,11050,,
548,강서구,11050,,
549,강서구,11060,,
550,강서구,11060,,
551,강서구,11060,,
552,강서구,11060,,
553,강서구,11060,,
554,강서구,11060,,
555,강서구,11060,,
556,강서구,11060,,
557,강서구,11060,,
558,강서구,11060,,
559,강서구,11060,,
560,강서구,11060,,
561,강서구,11060,,
562,강서구,11060,,
563,강서구,11060,,
564,강서구,11060,,
565,강서구,11060,,
566,강서구,11060,,
567,강서구,11060,,
568,강서구,11060,,
569,강서구,11060,,
570,강서구,11060,,
571,강서구,11060,,
572,강서구,11060,,
573,강서구,11060,,
574,강서구,11060,,
575,강서구,11060,,
576,강서구,11060,,
577,강서구,11060,,
578,강서구,11060,,
579,강서구,11060,,
580,강서구,11060,,
581,강서구,11060,,
582,강서구,11060,,
583,강서구,11060,,
584,강서구,11060,,
585,강서구,11060,,
586,강서구,11060,,
587,강서구,11060,,
588,강서구,11060,,
589,강서구,11060,,
590,강서구,11060,,
591,강서구,11060,,
592,강서구,11060,,
593,강서구,11060,,
594,강서구,11060,,
595,강서구,11060,,
596,강서구,11060,,
597,강서구,11060,,
598,강서구,11060,,
599,강서구,11060,,
600,강서구,11060,,
601,강서구,11060,,
602,강서구,11060,,
603,강서구,11060,,
604,강서구,11060,,
605,강서구,11060,,
606,강서구,11060,,
607,강서구,11060,,
608,강서구,11060,,
609,관악구,11060,,
610,관악구,11060,,
611,관악구,11060,,
612,관악구,11060,,
613,관악구,11060,,
614,관악구,11060,,
615,관악구,11060,,
616,관악구,11060,,
617,관악구,11060,,
618,관악구,11060,,
619,관악구,11060,,
620,관악구,11060,,
621,관악구,11060,,
622,관악구,11060,,
623,관악구,11060,,
624,관악구,11060,,
625,관악구,11060,,
626,관악구,11060,,
627,관악구,11060,,
628,관악구,11060,,
629,관악구,11060,,
630,관악구,11060,,
631,관악구,11060,,
632,관악구,11060,,
633,관악구,11060,,
634,관악구,11060,,
635,관악구,11060,,
636,관악구,11060,,
637,관악구,11060,,
638,관악구,11060,,
639,관악구,11060,,
640,관악구,11060,,
641,관악구,11060,,
642,관악구,11060,,
643,관악구,11060,,
644,관악구,11060,,
645,관악구,11060,,
646,관악구,11060,,
647,관악구,11060,,
648,관악구,11070,,
649,관악구,11070,,
650,관악구,11070,,
651,관악구,11070,,
652,관악구,11070,,
653,관악구,11080,,
654,관악구,11080,,
655,관악구,11080,,
656,관악구,11080,,
657,관악구,11080,,
658,관악구,11080,,
659,관악구,11080,,
660,관악구,11080,,
661,관악구,11080,,
662,관악구,11080,,
663,관악구,11080,,
664,관악구,11080,,
665,관악구,11080,,
666,관악구,11080,,
667,관악구,11080,,
668,관악구,11080,,
669,관악구,11080,,
670,관악구,11080,,
671,관악구,11080,,
672,관악구,11080,,
673,관악구,11080,,
674,관악구,11080,,
675,관악구,11080,,
676,관악구,11080,,
677,관악구,11080,,
678,관악구,11080,,
679,관악구,11080,,
680,관악구,11080,,
681,관악구,11080,,
682,관악구,11080,,
683,관악구,11080,,
684,관악구,11080,,
685,관악구,11080,,
686,관악구,11080,,
687,관악구,11080,,
688,관악구,11080,,
689,관악구,11080,,
690,관악구,11080,,
691,관악구,11080,,
692,관악구,11080,,
693,관악구,11080,,
694,관악구,11080,,
695,관악구,11080,,
696,관악구,11080,,
697,관악구,11080,,
698,관악구,11080,,
699,관악구,11080,,
700,관악구,11080,,
701,관악구,11080,,
702,관악구,11080,,
703,관악구,11080,,
704,관악구,11080,,
705,관악구,11080,,
706,관악구,11080,,
707,관악구,11080,,
708,관악구,11080,,
709,관악구,11080,,
710,관악구,11080,,
711,관악구,11080,,
712,관악구,11080,,
713,광진구,11080,,
714,광진구,11080,,
715,광진구,11080,,
716,광진구,11080,,
717,광진구,11080,,
718,광진구,11080,,
719,광진구,11080,,
720,광진구,11080,,
721,광진구,11080,,
722,광진구,11080,,
723,광진구,11080,,
724,광진구,11080,,
725,광진구,11080,,
726,광진구,11080,,
727,광진구,11080,,
728,광진구,11080,,
729,광진구,11080,,
730,광진구,11080,,
731,광진구,11080,,
732,광진구,11080,,
733,광진구,11080,,
734,광진구,11080,,
735,광진구,11080,,
736,광진구,11080,,
737,광진구,11080,,
738,광진구,11080,,
739,광진구,11080,,
740,광진구,11080,,
741,광진구,11080,,
742,광진구,11080,,
743,광진구,11080,,
744,광진구,11080,,
745,광진구,11080,,
746,광진구,11080,,
747,광진구,11080,,
748,광진구,11080,,
749,광진구,11080,,
750,광진구,11080,,
751,광진구,11080,,
752,광진구,11080,,
753,광진구,11080,,
754,광진구,11080,,
755,광진구,11080,,
756,광진구,11080,,
757,광진구,11080,,
758,광진구,11090,,
759,광진구,11090,,
760,광진구,11090,,
761,광진구,11090,,
762,광진구,11090,,
763,광진구,11090,,
764,광진구,11090,,
765,광진구,11090,,
766,광진구,11090,,
767,광진구,11090,,
768,광진구,11090,,
769,광진구,11090,,
770,광진구,11090,,
771,광진구,11090,,
772,광진구,11090,,
773,광진구,11090,,
774,광진구,11090,,
775,광진구,11090,,
776,광진구,11090,,
777,광진구,11090,,
778,광진구,11090,,
779,광진구,11090,,
780,광진구,11090,,
781,광진구,11090,,
782,광진구,11090,,
783,광진구,11090,,
784,광진구,11090,,
785,광진구,11090,,
786,광진구,11090,,
787,광진구,11090,,
788,광진구,11090,,
789,광진구,11090,,
790,광진구,11090,,
791,광진구,11090,,
792,광진구,11090,,
793,광진구,11090,,
794,광진구,11090,,
795,광진구,11090,,
796,광진구,11090,,
797,광진구,11090,,
798,광진구,11090,,
799,광진구,11090,,
800,광진구,11090,,
801,광진구,11090,,
802,광진구,11090,,
803,광진구,11090,,
804,광진구,11090,,
805,광진구,11090,,
806,광진구,11090,,
807,광진구,11090,,
808,광진구,11090,,
809,광진구,11090,,
810,광진구,11090,,
811,광진구,11090,,
812,광진구,11090,,
813,광진구,11090,,
814,광진구,11090,,
815,구로구,11090,,
816,구로구,11090,,
817,구로구,11090,,
818,구로구,11090,,
819,구로구,11090,,
820,구로구,11090,,
821,구로구,11090,,
822,구로구,11090,,
823,구로구,11090,,
824,구로구,11090,,
825,구로구,11090,,
826,구로구,11090,,
827,구로구,11090,,
828,구로구,11090,,
829,구로구,11090,,
830,구로구,11090,,
831,구로구,11100,,
832,구로구,11100,,
833,구로구,11100,,
834,구로구,11100,,
835,구로구,11100,,
836,구로구,11100,,
837,구로구,11100,,
838,구로구,11100,,
839,구로구,11100,,
840,구로구,11100,,
841,구로구,11100,,
842,구로구,11100,,
843,구로구,11100,,
844,구로구,11100,,
845,구로구,11100,,
846,구로구,11100,,
847,구로구,11100,,
848,구로구,11100,,
849,구로구,11100,,
850,구로구,11100,,
851,구로구,11100,,
852,구로구,11100,,
853,구로구,11100,,
854,구로구,11100,,
855,구로구,11100,,
856,구로구,11100,,
857,구로구,11100,,
858,구로구,11100,,
859,구로구,11100,,
860,구로구,11100,,
861,구로구,11100,,
862,구로구,11100,,
863,구로구,11100,,
864,구로구,11100,,
865,구로구,11100,,
866,구로구,11100,,
867,구로구,11100,,
868,구로구,11100,,
869,구로구,11100,,
870,구로구,11100,,
871,구로구,11100,,
872,구로구,11100,,
873,구로구,11100,,
874,구로구,11100,,
875,구로구,11100,,
876,구로구,11100,,
877,구로구,11100,,
878,구로구,11100,,
879,구로구,11100,,
880,구로구,11100,,
881,구로구,11100,,
882,구로구,11100,,
883,구로구,11100,,
884,구로구,11100,,
885,구로구,11100,,
886,구로구,11100,,
887,구로구,11100,,
888,구로구,11100,,
889,구로구,11100,,
890,구로구,11100,,
891,구로구,11100,,
892,구로구,11100,,
893,구로구,11100,,
894,구로구,11100,,
895,구로구,11100,,
896,구로구,11100,,
897,구로구,11100,,
898,구로구,11100,,
899,구로구,11100,,
900,구로구,11100,,
901,구로구,11100,,
902,구로구,11100,,
903,구로구,11100,,
904,구로구,11100,,
905,구로구,11100,,
906,구로구,11100,,
907,구로구,11100,,
908,구로구,11100,,
909,구로구,11100,,
910,구로구,11100,,
911,구로구,11100,,
912,구로구,11100,,
913,구로구,11100,,
914,구로구,11100,,
915,구로구,11100,,
916,구로구,11100,,
917,구로구,11100,,
918,구로구,11100,,
919,구로구,11100,,
920,구로구,11100,,
921,구로구,11100,,
922,구로구,11100,,
923,구로구,11100,,
924,구로구,11100,,
925,구로구,11100,,
926,구로구,11100,,
927,구로구,11100,,
928,구로구,11100,,
929,구로구,11100,,
930,구로구,11100,,
931,구로구,11100,,
932,구로구,11100,,
933,구로구,11100,,
934,구로구,11100,,
935,구로구,11100,,
936,구로구,11100,,
937,구로구,11100,,
938,구로구,11110,,
939,구로구,11110,,
940,구로구,11110,,
941,구로구,11110,,
942,구로구,11110,,
943,구로구,11110,,
944,구로구,11110,,
945,구로구,11110,,
946,금천구,11110,,
947,금천구,11110,,
948,금천구,11110,,
949,금천구,11110,,
950,금천구,11110,,
951,금천구,11110,,
952,금천구,11110,,
953,금천구,11110,,
954,금천구,11110,,
955,금천구,11110,,
956,금천구,11110,,
957,금천구,11110,,
958,금천구,11110,,
959,금천구,11110,,
960,금천구,11110,,
961,금천구,11110,,
962,금천구,11110,,
963,금천구,11110,,
964,금천구,11110,,
965,금천구,11110,,
966,금천구,11110,,
967,금천구,11110,,
968,금천구,11110,,
969,금천구,11110,,
970,금천구,11110,,
971,금천구,11110,,
972,금천구,11110,,
973,금천구,11110,,
974,금천구,11110,,
975,금천구,11110,,
976,금천구,11110,,
977,금천구,11110,,
978,금천구,11110,,
979,금천구,11110,,
980,금천구,11110,,
981,금천구,11110,,
982,금천구,11110,,
983,금천구,11110,,
984,금천구,11110,,
985,금천구,11110,,
986,금천구,11110,,
987,금천구,11110,,
988,금천구,11110,,
989,금천구,11110,,
990,금천구,11110,,
991,금천구,11110,,
992,금천구,11110,,
993,금천구,11110,,
994,금천구,11110,,
995,금천구,11110,,
996,금천구,11110,,
997,금천구,11110,,
998,금천구,11110,,
999,금천구,11110,,
1000,금천구,11110,,
1001,금천구,11110,,
1002,금천구,11110,,
1003,금천구,11110,,
1004,금천구,11110,,
1005,금천구,11110,,
1006,금천구,11110,,
1007,금천구,11110,,
1008,금천구,11110,,
1009,금천구,11110,,
1010,금천구,11110,,
1011,금천구,11110,,
1012,금천구,11110,,
1013,금천구,11110,,
1014,금천구,11110,,
1015,금천구,11110,,
1016,금천구,11110,,
1017,금천구,11110,,
1018,금천구,11110,,
1019,금천구,11110,,
1020,금천구,11110,,
1021,금천구,11110,,
1022,금천구,11110,,
1023,금천구,11110,,
1024,금천구,11110,,
1025,금천구,11110,,
1026,금천구,11110,,
1027,금천구,11110,,
1028,금천구,11110,,
1029,금천구,11110,,
1030,금천구,11110,,
1031,금천구,11110,,
1032,노원구,11110,,
1033,노원구,11110,,
1034,노원구,11110,,
1035,노원구,11110,,
1036,노원구,11110,,
1037,노원구,11110,,
1038,노원구,11110,,
1039,노원구,11110,,
1040,노원구,11110,,
1041,노원구,11110,,
1042,노원구,11110,,
1043,노원구,11110,,
1044,노원구,11110,,
1045,노원구,11110,,
1046,노원구,11110,,
1047,노원구,11110,,
1048,노원구,11110,,
1049,노원구,11110,,
1050,노원구,11110,,
1051,노원구,11110,,
1052,노원구,11110,,
1053,노원구,11110,,
1054,노원구,11110,,
1055,노원구,11110,,
1056,노원구,11110,,
1057,노원구,11110,,
1058,노원구,11110,,
1059,노원구,11110,,
1060,노원구,11110,,
1061,노원구,11110,,
1062,노원구,11110,,
1063,노원구,11110,,
1064,노원구,11110,,
1065,노원구,11110,,
1066,노원구,11110,,
1067,노원구,11110,,
1068,노원구,11110,,
1069,노원구,11110,,
1070,노원구,11110,,
1071,노원구,11110,,
1072,노원구,11110,,
1073,노원구,11110,,
1074,노원구,11110,,
1075,노원구,11110,,
1076,노원구,11110,,
1077,노원구,11110,,
1078,노원구,11110,,
1079,노원구,11110,,
1080,노원구,11110,,
1081,노원구,11110,,
1082,노원구,11110,,
1083,노원구,11110,,
1084,노원구,11110,,
1085,노원구,11110,,
1086,노원구,11110,,
1087,노원구,11110,,
1088,노원구,11110,,
1089,노원구,11110,,
1090,노원구,11110,,
1091,노원구,11110,,
1092,노원구,11110,,
1093,노원구,11110,,
1094,노원구,11110,,
1095,노원구,11110,,
1096,노원구,11110,,
1097,노원구,11120,,
1098,노원구,11120,,
1099,노원구,11120,,
1100,노원구,11120,,
1101,노원구,11120,,
1102,노원구,11120,,
1103,노원구,11120,,
1104,노원구,11120,,
1105,노원구,11120,,
1106,노원구,11120,,
1107,노원구,11120,,
1108,노원구,11120,,
1109,노원구,11120,,
1110,노원구,11120,,
1111,노원구,11120,,
1112,노원구,11120,,
1113,노원구,11120,,
1114,노원구,11120,,
1115,노원구,11120,,
1116,노원구,11120,,
1117,노원구,11120,,
1118,노원구,11120,,
1119,노원구,11120,,
1120,노원구,11120,,
1121,노원구,11120,,
1122,노원구,11120,,
1123,노원구,11120,,
1124,노원구,11120,,
1125,노원구,11120,,
1126,노원구,11120,,
1127,노원구,11120,,
1128,노원구,11120,,
1129,노원구,11120,,
1130,노원구,11120,,
1131,노원구,11120,,
1132,노원구,11120,,
1133,노원구,11120,,
1134,노원구,11120,,
1135,노원구,11120,,
1136,노원구,11120,,
1137,노원구,11120,,
1138,노원구,11120,,
1139,노원구,11120,,
1140,노원구,11120,,
1141,노원구,11120,,
1142,노원구,11120,,
1143,노원구,11120,,
1144,노원구,11120,,
1145,노원구,11120,,
1146,노원구,11120,,
1147,노원구,11120,,
1148,노원구,11120,,
1149,노원구,11120,,
1150,노원구,11120,,
1151,노원구,11120,,
1152,노원구,11120,,
1153,노원구,11120,,
1154,노원구,11120,,
1155,노원구,11120,,
1156,노원구,11120,,
1157,노원구,11120,,
1158,노원구,11120,,
1159,노원구,11120,,
1160,노원구,11120,,
1161,노원구,11120,,
1162,노원구,11120,,
1163,노원구,11120,,
1164,노원구,11120,,
1165,노원구,11120,,
1166,노원구,11120,,
1167,노원구,11120,,
1168,노원구,11120,,
1169,노원구,11120,,
1170,노원구,11120,,
1171,노원구,11120,,
1172,노원구,11120,,
1173,노원구,11120,,
1174,노원구,11120,,
1175,노원구,11120,,
1176,노원구,11120,,
1177,노원구,11120,,
1178,노원구,11120,,
1179,노원구,11120,,
1180,노원구,11120,,
1181,노원구,11120,,
1182,노원구,11120,,
1183,노원구,11120,,
1184,노원구,11120,,
1185,노원구,11120,,
1186,노원구,11120,,
1187,노원구,11120,,
1188,노원구,11120,,
1189,노원구,11120,,
1190,노원구,11120,,
1191,도봉구,11120,,
1192,도봉구,11120,,
1193,도봉구,11120,,
1194,도봉구,11120,,
1195,도봉구,11120,,
1196,도봉구,11120,,
1197,도봉구,11120,,
1198,도봉구,11120,,
1199,도봉구,11120,,
1200,도봉구,11120,,
1201,도봉구,11120,,
1202,도봉구,11120,,
1203,도봉구,11120,,
1204,도봉구,11120,,
1205,도봉구,11120,,
1206,도봉구,11120,,
1207,도봉구,11120,,
1208,도봉구,11120,,
1209,도봉구,11120,,
1210,도봉구,11120,,
1211,도봉구,11120,,
1212,도봉구,11120,,
1213,도봉구,11120,,
1214,도봉구,11120,,
1215,도봉구,11120,,
1216,도봉구,11120,,
1217,도봉구,11120,,
1218,도봉구,11130,,
1219,도봉구,11130,,
1220,도봉구,11130,,
1221,도봉구,11130,,
1222,도봉구,11130,,
1223,도봉구,11130,,
1224,도봉구,11130,,
1225,도봉구,11130,,
1226,도봉구,11130,,
1227,도봉구,11130,,
1228,도봉구,11130,,
1229,도봉구,11130,,
1230,도봉구,11130,,
1231,도봉구,11130,,
1232,도봉구,11130,,
1233,도봉구,11130,,
1234,도봉구,11130,,
1235,도봉구,11130,,
1236,도봉구,11130,,
1237,도봉구,11130,,
1238,도봉구,11130,,
1239,도봉구,11130,,
1240,도봉구,11130,,
1241,도봉구,11130,,
1242,도봉구,11130,,
1243,도봉구,11130,,
1244,도봉구,11130,,
1245,도봉구,11130,,
1246,도봉구,11130,,
1247,도봉구,11130,,
1248,도봉구,11130,,
1249,도봉구,11130,,
1250,도봉구,11130,,
1251,도봉구,11130,,
1252,도봉구,11130,,
1253,도봉구,11130,,
1254,도봉구,11130,,
1255,도봉구,11130,,
1256,도봉구,11130,,
1257,도봉구,11130,,
1258,도봉구,11130,,
1259,도봉구,11130,,
1260,도봉구,11130,,
1261,도봉구,11130,,
1262,도봉구,11130,,
1263,도봉구,11130,,
1264,도봉구,11130,,
1265,도봉구,11130,,
1266,도봉구,11130,,
1267,도봉구,11130,,
1268,도봉구,11130,,
1269,도봉구,11130,,
1270,도봉구,11130,,
1271,도봉구,11130,,
1272,도봉구,11130,,
1273,도봉구,11130,,
1274,도봉구,11130,,
1275,도봉구,11130,,
1276,도봉구,11130,,
1277,도봉구,11130,,
1278,도봉구,11130,,
1279,도봉구,11130,,
1280,도봉구,11130,,
1281,도봉구,11130,,
1282,도봉구,11130,,
1283,도봉구,11130,,
1284,도봉구,11130,,
1285,도봉구,11130,,
1286,도봉구,11130,,
1287,도봉구,11130,,
1288,도봉구,11130,,
1289,도봉구,11130,,
1290,도봉구,11130,,
1291,도봉구,11130,,
1292,도봉구,11130,,
1293,도봉구,11130,,
1294,도봉구,11130,,
1295,도봉구,11130,,
1296,도봉구,11130,,
1297,도봉구,11130,,
1298,동대문구,11130,,
1299,동대문구,11130,,
1300,동대문구,11130,,
1301,동대문구,11130,,
1302,동대문구,11130,,
1303,동대문구,11130,,
1304,동대문구,11130,,
1305,동대문구,11130,,
1306,동대문구,11130,,
1307,동대문구,11130,,
1308,동대문구,11130,,
1309,동대문구,11130,,
1310,동대문구,11130,,
1311,동대문구,11130,,
1312,동대문구,11140,,
1313,동대문구,11140,,
1314,동대문구,11140,,
1315,동대문구,11140,,
1316,동대문구,11140,,
1317,동대문구,11140,,
1318,동대문구,11140,,
1319,동대문구,11140,,
1320,동대문구,11140,,
1321,동대문구,11140,,
1322,동대문구,11140,,
1323,동대문구,11140,,
1324,동대문구,11140,,
1325,동대문구,11140,,
1326,동대문구,11140,,
1327,동대문구,11140,,
1328,동대문구,11140,,
1329,동대문구,11140,,
1330,동대문구,11140,,
1331,동대문구,11140,,
1332,동대문구,11140,,
1333,동대문구,11140,,
1334,동대문구,11140,,
1335,동대문구,11140,,
1336,동대문구,11140,,
1337,동대문구,11140,,
1338,동대문구,11140,,
1339,동대문구,11140,,
1340,동대문구,11140,,
1341,동대문구,11140,,
1342,동대문구,11140,,
1343,동대문구,11140,,
1344,동대문구,11140,,
1345,동대문구,11140,,
1346,동대문구,11140,,
1347,동대문구,11140,,
1348,동대문구,11140,,
1349,동대문구,11140,,
1350,동대문구,11140,,
1351,동대문구,11140,,
1352,동대문구,11140,,
1353,동대문구,11140,,
1354,동대문구,11140,,
1355,동대문구,11140,,
1356,동대문구,11140,,
1357,동대문구,11140,,
1358,동대문구,11140,,
1359,동대문구,11140,,
1360,동대문구,11140,,
1361,동대문구,11140,,
1362,동대문구,11140,,
1363,동대문구,11140,,
1364,동대문구,11140,,
1365,동대문구,11140,,
1366,동대문구,11140,,
1367,동대문구,11140,,
1368,동대문구,11140,,
1369,동대문구,11140,,
1370,동대문구,11140,,
1371,동대문구,11140,,
1372,동대문구,11140,,
1373,동대문구,11140,,
1374,동대문구,11140,,
1375,동대문구,11140,,
1376,동대문구,11140,,
1377,동대문구,11140,,
1378,동대문구,11140,,
1379,동대문구,11140,,
1380,동대문구,11140,,
1381,동대문구,11140,,
1382,동대문구,11140,,
1383,동대문구,11140,,
1384,동대문구,11140,,
1385,동대문구,11140,,
1386,동대문구,11140,,
1387,동대문구,11140,,
1388,동대문구,11140,,
1389,동대문구,11140,,
1390,동대문구,11140,,
1391,동대문구,11140,,
1392,동대문구,11140,,
1393,동대문구,11140,,
1394,동대문구,11140,,
1395,동대문구,11140,,
1396,동대문구,11140,,
1397,동작구,11140,,
1398,동작구,11140,,
1399,동작구,11140,,
1400,동작구,11140,,
1401,동작구,11140,,
1402,동작구,11140,,
1403,동작구,11140,,
1404,동작구,11140,,
1405,동작구,11140,,
1406,동작구,11140,,
1407,동작구,11140,,
1408,동작구,11140,,
1409,동작구,11140,,
1410,동작구,11140,,
1411,동작구,11140,,
1412,동작구,11140,,
1413,동작구,11140,,
1414,동작구,11140,,
1415,동작구,11140,,
1416,동작구,11140,,
1417,동작구,11140,,
1418,동작구,11140,,
1419,동작구,11140,,
1420,동작구,11140,,
1421,동작구,11140,,
1422,동작구,11140,,
1423,동작구,11140,,
1424,동작구,11140,,
1425,동작구,11140,,
1426,동작구,11140,,
1427,동작구,11140,,
1428,동작구,11140,,
1429,동작구,11140,,
1430,동작구,11140,,
1431,동작구,11140,,
1432,동작구,11140,,
1433,동작구,11140,,
1434,동작구,11140,,
1435,동작구,11140,,
1436,동작구,11140,,
1437,동작구,11140,,
1438,동작구,11140,,
1439,동작구,11140,,
1440,동작구,11140,,
1441,동작구,11140,,
1442,동작구,11140,,
1443,동작구,11140,,
1444,동작구,11140,,
1445,동작구,11140,,
1446,동작구,11140,,
1447,동작구,11140,,
1448,동작구,11140,,
1449,동작구,11140,,
1450,동작구,11140,,
1451,동작구,11140,,
1452,동작구,11140,,
1453,동작구,11140,,
1454,동작구,11150,,
1455,동작구,11150,,
1456,동작구,11150,,
1457,동작구,11150,,
1458,동작구,11150,,
1459,동작구,11150,,
1460,동작구,11150,,
1461,동작구,11150,,
1462,동작구,11150,,
1463,동작구,11150,,
1464,동작구,11150,,
1465,동작구,11150,,
1466,동작구,11150,,
1467,동작구,11150,,
1468,동작구,11150,,
1469,동작구,11150,,
1470,동작구,11150,,
1471,동작구,11150,,
1472,동작구,11150,,
1473,동작구,11150,,
1474,동작구,11150,,
1475,동작구,11150,,
1476,동작구,11150,,
1477,동작구,11150,,
1478,동작구,11150,,
1479,동작구,11150,,
1480,동작구,11150,,
1481,동작구,11150,,
1482,동작구,11150,,
1483,동작구,11150,,
1484,동작구,11150,,
1485,동작구,11150,,
1486,마포구,11150,,
1487,마포구,11150,,
1488,마포구,11150,,
1489,마포구,11150,,
1490,마포구,11150,,
1491,마포구,11150,,
1492,마포구,11150,,
1493,마포구,11150,,
1494,마포구,11150,,
1495,마포구,11150,,
1496,마포구,11150,,
1497,마포구,11150,,
1498,마포구,11150,,
1499,마포구,11150,,
1500,마포구,11150,,
1501,마포구,11150,,
1502,마포구,11150,,
1503,마포구,11150,,
1504,마포구,11150,,
1505,마포구,11150,,
1506,마포구,11150,,
1507,마포구,11150,,
1508,마포구,11150,,
1509,마포구,11150,,
1510,마포구,11150,,
1511,마포구,11150,,
1512,마포구,11150,,
1513,마포구,11150,,
1514,마포구,11150,,
1515,마포구,11150,,
1516,마포구,11150,,
1517,마포구,11150,,
1518,마포구,11150,,
1519,마포구,11150,,
1520,마포구,11150,,
1521,마포구,11150,,
1522,마포구,11150,,
1523,마포구,11150,,
1524,마포구,11150,,
1525,마포구,11150,,
1526,마포구,11150,,
1527,마포구,11150,,
1528,마포구,11150,,
1529,마포구,11150,,
1530,마포구,11150,,
1531,마포구,11150,,
1532,마포구,11150,,
1533,마포구,11150,,
1534,마포구,11150,,
1535,마포구,11150,,
1536,마포구,11150,,
1537,마포구,11150,,
1538,마포구,11150,,
1539,마포구,11150,,
1540,마포구,11150,,
1541,마포구,11150,,
1542,마포구,11150,,
1543,마포구,11150,,
1544,마포구,11150,,
1545,마포구,11150,,
1546,마포구,11150,,
1547,마포구,11150,,
1548,마포구,11150,,
1549,마포구,11150,,
1550,마포구,11150,,
1551,마포구,11150,,
1552,마포구,11150,,
1553,마포구,11150,,
1554,마포구,11150,,
1555,마포구,11150,,
1556,마포구,11150,,
1557,마포구,11150,,
1558,마포구,11150,,
1559,마포구,11150,,
1560,마포구,11150,,
1561,마포구,11150,,
1562,마포구,11150,,
1563,마포구,11150,,
1564,마포구,11150,,
1565,마포구,11150,,
1566,마포구,11150,,
1567,마포구,11150,,
1568,마포구,11150,,
1569,마포구,11150,,
1570,마포구,11150,,
1571,마포구,11150,,
1572,마포구,11150,,
1573,마포구,11150,,
1574,마포구,11150,,
1575,마포구,11150,,
1576,마포구,11150,,
1577,마포구,11150,,
1578,마포구,11150,,
1579,마포구,11150,,
1580,마포구,11150,,
1581,마포구,11150,,
1582,마포구,11150,,
1583,마포구,11150,,
1584,마포구,11150,,
1585,마포구,11160,,
1586,마포구,11160,,
1587,마포구,11160,,
1588,마포구,11160,,
1589,마포구,11160,,
1590,마포구,11160,,
1591,마포구,11160,,
1592,마포구,11160,,
1593,마포구,11160,,
1594,마포구,11160,,
1595,마포구,11160,,
1596,마포구,11160,,
1597,마포구,11160,,
1598,마포구,11160,,
1599,마포구,11160,,
1600,마포구,11160,,
1601,마포구,11160,,
1602,마포구,11160,,
1603,마포구,11160,,
1604,마포구,11160,,
1605,마포구,11160,,
1606,마포구,11160,,
1607,마포구,11160,,
1608,마포구,11160,,
1609,마포구,11160,,
1610,마포구,11160,,
1611,마포구,11160,,
1612,마포구,11160,,
1613,마포구,11160,,
1614,마포구,11160,,
1615,마포구,11160,,
1616,마포구,11160,,
1617,마포구,11160,,
1618,마포구,11160,,
1619,마포구,11160,,
1620,마포구,11160,,
1621,마포구,11160,,
1622,마포구,11160,,
1623,마포구,11160,,
1624,마포구,11160,,
1625,마포구,11160,,
1626,마포구,11160,,
1627,마포구,11160,,
1628,마포구,11160,,
1629,서대문구,11160,,
1630,서대문구,11160,,
1631,서대문구,11160,,
1632,서대문구,11160,,
1633,서대문구,11160,,
1634,서대문구,11160,,
1635,서대문구,11160,,
1636,서대문구,11160,,
1637,서대문구,11160,,
1638,서대문구,11160,,
1639,서대문구,11160,,
1640,서대문구,11160,,
1641,서대문구,11160,,
1642,서대문구,11160,,
1643,서대문구,11160,,
1644,서대문구,11160,,
1645,서대문구,11160,,
1646,서대문구,11160,,
1647,서대문구,11160,,
1648,서대문구,11160,,
1649,서대문구,11160,,
1650,서대문구,11160,,
1651,서대문구,11160,,
1652,서대문구,11160,,
1653,서대문구,11160,,
1654,서대문구,11160,,
1655,서대문구,11160,,
1656,서대문구,11160,,
1657,서대문구,11160,,
1658,서대문구,11160,,
1659,서대문구,11160,,
1660,서대문구,11160,,
1661,서대문구,11160,,
1662,서대문구,11160,,
1663,서대문구,11160,,
1664,서대문구,11160,,
1665,서대문구,11160,,
1666,서대문구,11160,,
1667,서대문구,11160,,
1668,서대문구,11160,,
1669,서대문구,11160,,
1670,서대문구,11160,,
1671,서대문구,11160,,
1672,서대문구,11160,,
1673,서대문구,11160,,
1674,서대문구,11160,,
1675,서대문구,11160,,
1676,서대문구,11160,,
1677,서대문구,11160,,
1678,서대문구,11160,,
1679,서대문구,11160,,
1680,서대문구,11160,,
1681,서대문구,11160,,
1682,서대문구,11160,,
1683,서대문구,11160,,
1684,서대문구,11160,,
1685,서대문구,11160,,
1686,서대문구,11160,,
1687,서대문구,11160,,
1688,서대문구,11160,,
1689,서대문구,11160,,
1690,서대문구,11160,,
1691,서대문구,11160,,
1692,서대문구,11160,,
1693,서대문구,11160,,
1694,서대문구,11160,,
1695,서대문구,11160,,
1696,서대문구,11160,,
1697,서대문구,11160,,
1698,서대문구,11160,,
1699,서대문구,11160,,
1700,서대문구,11160,,
1701,서대문구,11160,,
1702,서대문구,11160,,
1703,서대문구,11160,,
1704,서대문구,11160,,
1705,서대문구,11160,,
1706,서대문구,11160,,
1707,서대문구,11160,,
1708,서대문구,11160,,
1709,서대문구,11160,,
1710,서대문구,11160,,
1711,서대문구,11160,,
1712,서대문구,11160,,
1713,서대문구,11160,,
1714,서대문구,11160,,
1715,서대문구,11160,,
1716,서대문구,11160,,
1717,서대문구,11160,,
1718,서대문구,11160,,
1719,서대문구,11160,,
1720,서대문구,11160,,
1721,서대문구,11160,,
1722,서대문구,11160,,
1723,서초구,11160,,
1724,서초구,11160,,
1725,서초구,11160,,
1726,서초구,11160,,
1727,서초구,11160,,
1728,서초구,11160,,
1729,서초구,11160,,
1730,서초구,11160,,
1731,서초구,11160,,
1732,서초구,11160,,
1733,서초구,11160,,
1734,서초구,11160,,
1735,서초구,11160,,
1736,서초구,11160,,
1737,서초구,11160,,
1738,서초구,11160,,
1739,서초구,11160,,
1740,서초구,11160,,
1741,서초구,11160,,
1742,서초구,11160,,
1743,서초구,11160,,
1744,서초구,11160,,
1745,서초구,11160,,
1746,서초구,11160,,
1747,서초구,11160,,
1748,서초구,11160,,
1749,서초구,11160,,
1750,서초구,11160,,
1751,서초구,11160,,
1752,서초구,11160,,
1753,서초구,11160,,
1754,서초구,11160,,
1755,서초구,11160,,
1756,서초구,11160,,
1757,서초구,11160,,
1758,서초구,11160,,
1759,서초구,11160,,
1760,서초구,11160,,
1761,서초구,11160,,
1762,서초구,11160,,
1763,서초구,11160,,
1764,서초구,11160,,
1765,서초구,11160,,
1766,서초구,11160,,
1767,서초구,11160,,
1768,서초구,11160,,
1769,서초구,11160,,
1770,서초구,11160,,
1771,서초구,11160,,
1772,서초구,11160,,
1773,서초구,11160,,
1774,서초구,11160,,
1775,서초구,11160,,
1776,서초구,11160,,
1777,서초구,11160,,
1778,서초구,11160,,
1779,서초구,11160,,
1780,서초구,11160,,
1781,서초구,11160,,
1782,서초구,11160,,
1783,서초구,11160,,
1784,서초구,11160,,
1785,서초구,11160,,
1786,서초구,11160,,
1787,서초구,11160,,
1788,서초구,11160,,
1789,서초구,11160,,
1790,서초구,11160,,
1791,서초구,11160,,
1792,서초구,11160,,
1793,서초구,11160,,
1794,서초구,11160,,
1795,서초구,11160,,
1796,서초구,11160,,
1797,서초구,11160,,
1798,서초구,11160,,
1799,서초구,11160,,
1800,서초구,11160,,
1801,서초구,11170,,
1802,서초구,11170,,
1803,서초구,11170,,
1804,서초구,11170,,
1805,서초구,11170,,
1806,서초구,11170,,
1807,서초구,11170,,
1808,서초구,11170,,
1809,서초구,11170,,
1810,서초구,11170,,
1811,서초구,11170,,
1812,서초구,11170,,
1813,서초구,11170,,
1814,서초구,11170,,
1815,서초구,11170,,
1816,서초구,11170,,
1817,서초구,11170,,
1818,서초구,11170,,
1819,서초구,11170,,
1820,서초구,11170,,
1821,서초구,11170,,
1822,서초구,11170,,
1823,서초구,11170,,
1824,서초구,11170,,
1825,서초구,11170,,
1826,서초구,11170,,
1827,서초구,11170,,
1828,서초구,11170,,
1829,서초구,11170,,
1830,서초구,11170,,
1831,서초구,11170,,
1832,서초구,11170,,
1833,서초구,11170,,
1834,서초구,11170,,
1835,서초구,11170,,
1836,서초구,11170,,
1837,서초구,11170,,
1838,서초구,11170,,
1839,서초구,11170,,
1840,서초구,11170,,
1841,서초구,11170,,
1842,서초구,11170,,
1843,서초구,11170,,
1844,서초구,11170,,
1845,서초구,11170,,
1846,서초구,11170,,
1847,서초구,11170,,
1848,서초구,11170,,
1849,서초구,11170,,
1850,서초구,11170,,
1851,서초구,11170,,
1852,서초구,11170,,
1853,서초구,11170,,
1854,서초구,11170,,
1855,서초구,11170,,
1856,서초구,11170,,
1857,서초구,11170,,
1858,서초구,11170,,
1859,서초구,11170,,
1860,서초구,11170,,
1861,서초구,11170,,
1862,서초구,11170,,
1863,서초구,11170,,
1864,서초구,11170,,
1865,서초구,11170,,
1866,서초구,11170,,
1867,서초구,11170,,
1868,서초구,11170,,
1869,서초구,11170,,
1870,서초구,11170,,
1871,서초구,11170,,
1872,서초구,11170,,
1873,서초구,11170,,
1874,서초구,11170,,
1875,서초구,11170,,
1876,서초구,11170,,
1877,서초구,11170,,
1878,서초구,11170,,
1879,서초구,11170,,
1880,서초구,11170,,
1881,서초구,11170,,
1882,서초구,11170,,
1883,서초구,11170,,
1884,서초구,11170,,
1885,서초구,11170,,
1886,서초구,11170,,
1887,서초구,11170,,
1888,서초동,11170,,
1889,서초동,11170,,
1890,서초동,11170,,
1891,성동구,11170,,
1892,성동구,11170,,
1893,성동구,11170,,
1894,성동구,11170,,
1895,성동구,11170,,
1896,성동구,11170,,
1897,성동구,11170,,
1898,성동구,11170,,
1899,성동구,11170,,
1900,성동구,11170,,
1901,성동구,11170,,
1902,성동구,11170,,
1903,성동구,11170,,
1904,성동구,11170,,
1905,성동구,11170,,
1906,성동구,11170,,
1907,성동구,11170,,
1908,성동구,11170,,
1909,성동구,11170,,
1910,성동구,11170,,
1911,성동구,11170,,
1912,성동구,11170,,
1913,성동구,11170,,
1914,성동구,11170,,
1915,성동구,11170,,
1916,성동구,11170,,
1917,성동구,11170,,
1918,성동구,11170,,
1919,성동구,11170,,
1920,성동구,11170,,
1921,성동구,11170,,
1922,성동구,11170,,
1923,성동구,11170,,
1924,성동구,11170,,
1925,성동구,11170,,
1926,성동구,11170,,
1927,성동구,11170,,
1928,성동구,11170,,
1929,성동구,11170,,
1930,성동구,11170,,
1931,성동구,11170,,
1932,성동구,11180,,
1933,성동구,11180,,
1934,성동구,11180,,
1935,성동구,11180,,
1936,성동구,11180,,
1937,성동구,11180,,
1938,성동구,11180,,
1939,성동구,11180,,
1940,성동구,11180,,
1941,성동구,11180,,
1942,성동구,11180,,
1943,성동구,11180,,
1944,성동구,11180,,
1945,성동구,11180,,
1946,성동구,11180,,
1947,성동구,11180,,
1948,성동구,11180,,
1949,성동구,11180,,
1950,성동구,11180,,
1951,성동구,11180,,
1952,성동구,11180,,
1953,성동구,11180,,
1954,성동구,11180,,
1955,성동구,11180,,
1956,성동구,11180,,
1957,성동구,11180,,
1958,성동구,11180,,
1959,성동구,11180,,
1960,성동구,11180,,
1961,성동구,11180,,
1962,성동구,11180,,
1963,성동구,11180,,
1964,성동구,11180,,
1965,성동구,11180,,
1966,성동구,11180,,
1967,성동구,11180,,
1968,성동구,11180,,
1969,성동구,11180,,
1970,성동구,11180,,
1971,성동구,11180,,
1972,성동구,11180,,
1973,성동구,11180,,
1974,성동구,11180,,
1975,성동구,11180,,
1976,성동구,11180,,
1977,성동구,11180,,
1978,성동구,11180,,
1979,성동구,11180,,
1980,성동구,11180,,
1981,성동구,11180,,
1982,성동구,11180,,
1983,성동구,11180,,
1984,성동구,11180,,
1985,성동구,11180,,
1986,성동구,11180,,
1987,성동구,11180,,
1988,성동구,11180,,
1989,성동구,11180,,
1990,성동구,11180,,
1991,성동구,11180,,
1992,성동구,11180,,
1993,성동구,11180,,
1994,성동구,11180,,
1995,성동구,11180,,
1996,성동구,11180,,
1997,성동구,11180,,
1998,성동구,11180,,
1999,성동구,11180,,
2000,성동구,11180,,
2001,성동구,11180,,
2002,성동구,11180,,
2003,성동구,11180,,
2004,성북구,11180,,
2005,성북구,11180,,
2006,성북구,11180,,
2007,성북구,11180,,
2008,성북구,11180,,
2009,성북구,11180,,
2010,성북구,11180,,
2011,성북구,11180,,
2012,성북구,11180,,
2013,성북구,11180,,
2014,성북구,11180,,
2015,성북구,11180,,
2016,성북구,11180,,
2017,성북구,11180,,
2018,성북구,11190,,
2019,성북구,11190,,
2020,성북구,11190,,
2021,성북구,11190,,
2022,성북구,11190,,
2023,성북구,11190,,
2024,성북구,11190,,
2025,성북구,11190,,
2026,성북구,11190,,
2027,성북구,11190,,
2028,성북구,11190,,
2029,성북구,11190,,
2030,성북구,11190,,
2031,성북구,11190,,
2032,성북구,11190,,
2033,성북구,11190,,
2034,성북구,11190,,
2035,성북구,11190,,
2036,성북구,11190,,
2037,성북구,11190,,
2038,성북구,11190,,
2039,성북구,11190,,
2040,성북구,11190,,
2041,성북구,11190,,
2042,성북구,11190,,
2043,성북구,11190,,
2044,성북구,11190,,
2045,성북구,11190,,
2046,성북구,11190,,
2047,성북구,11190,,
2048,성북구,11190,,
2049,성북구,11190,,
2050,성북구,11190,,
2051,성북구,11190,,
2052,성북구,11190,,
2053,성북구,11190,,
2054,성북구,11190,,
2055,성북구,11190,,
2056,성북구,11190,,
2057,성북구,11190,,
2058,성북구,11190,,
2059,성북구,11190,,
2060,성북구,11190,,
2061,성북구,11190,,
2062,성북구,11190,,
2063,성북구,11190,,
2064,성북구,11190,,
2065,성북구,11190,,
2066,성북구,11190,,
2067,성북구,11190,,
2068,성북구,11190,,
2069,성북구,11190,,
2070,성북구,11190,,
2071,성북구,11190,,
2072,성북구,11190,,
2073,성북구,11190,,
2074,성북구,11190,,
2075,성북구,11190,,
2076,성북구,11190,,
2077,성북구,11190,,
2078,성북구,11190,,
2079,성북구,11190,,
2080,성북구,11190,,
2081,성북구,11190,,
2082,성북구,11190,,
2083,성북구,11190,,
2084,성북구,11190,,
2085,성북구,11190,,
2086,성북구,11190,,
2087,성북구,11190,,
2088,성북구,11190,,
2089,성북구,11190,,
2090,성북구,11190,,
2091,성북구,11190,,
2092,성북구,11190,,
2093,성북구,11190,,
2094,성북구,11190,,
2095,성북구,11190,,
2096,성북구,11190,,
2097,성북구,11190,,
2098,성북구,11190,,
2099,성북구,11190,,
2100,성북구,11190,,
2101,성북구,11190,,
2102,성북구,11190,,
2103,성북구,11190,,
2104,성북구,11190,,
2105,성북구,11190,,
2106,성북구,11190,,
2107,성북구,11190,,
2108,성북구,11190,,
2109,송파구,11190,,
2110,송파구,11190,,
2111,송파구,11190,,
2112,송파구,11190,,
2113,송파구,11190,,
2114,송파구,11190,,
2115,송파구,11190,,
2116,송파구,11190,,
2117,송파구,11190,,
2118,송파구,11190,,
2119,송파구,11190,,
2120,송파구,11190,,
2121,송파구,11190,,
2122,송파구,11190,,
2123,송파구,11190,,
2124,송파구,11190,,
2125,송파구,11190,,
2126,송파구,11190,,
2127,송파구,11190,,
2128,송파구,11190,,
2129,송파구,11190,,
2130,송파구,11190,,
2131,송파구,11190,,
2132,송파구,11190,,
2133,송파구,11190,,
2134,송파구,11190,,
2135,송파구,11190,,
2136,송파구,11190,,
2137,송파구,11190,,
2138,송파구,11190,,
2139,송파구,11190,,
2140,송파구,11190,,
2141,송파구,11190,,
2142,송파구,11190,,
2143,송파구,11190,,
2144,송파구,11190,,
2145,송파구,11190,,
2146,송파구,11190,,
2147,송파구,11190,,
2148,송파구,11190,,
2149,송파구,11190,,
2150,송파구,11190,,
2151,송파구,11190,,
2152,송파구,11190,,
2153,송파구,11190,,
2154,송파구,11190,,
2155,송파구,11190,,
2156,송파구,11190,,
2157,송파구,11190,,
2158,송파구,11190,,
2159,송파구,11190,,
2160,송파구,11190,,
2161,송파구,11190,,
2162,송파구,11190,,
2163,송파구,11190,,
2164,송파구,11190,,
2165,송파구,11190,,
2166,송파구,11190,,
2167,송파구,11190,,
2168,송파구,11190,,
2169,송파구,11190,,
2170,송파구,11190,,
2171,송파구,11190,,
2172,송파구,11190,,
2173,송파구,11190,,
2174,송파구,11190,,
2175,송파구,11190,,
2176,송파구,11190,,
2177,송파구,11190,,
2178,송파구,11190,,
2179,송파구,11190,,
2180,송파구,11190,,
2181,송파구,11190,,
2182,송파구,11190,,
2183,송파구,11190,,
2184,송파구,11190,,
2185,송파구,11190,,
2186,송파구,11190,,
2187,송파구,11190,,
2188,송파구,11190,,
2189,송파구,11190,,
2190,송파구,11190,,
2191,송파구,11190,,
2192,송파구,11190,,
2193,송파구,11190,,
2194,송파구,11190,,
2195,송파구,11190,,
2196,송파구,11190,,
2197,송파구,11190,,
2198,송파구,11190,,
2199,송파구,11200,,
2200,송파구,11200,,
2201,송파구,11200,,
2202,송파구,11200,,
2203,송파구,11200,,
2204,송파구,11200,,
2205,송파구,11200,,
2206,송파구,11200,,
2207,송파구,11200,,
2208,송파구,11200,,
2209,송파구,11200,,
2210,송파구,11200,,
2211,송파구,11200,,
2212,송파구,11200,,
2213,송파구,11200,,
2214,송파구,11200,,
2215,송파구,11200,,
2216,송파구,11200,,
2217,송파구,11200,,
2218,송파구,11200,,
2219,송파구,11200,,
2220,송파구,11200,,
2221,송파구,11200,,
2222,송파구,11200,,
2223,송파구,11200,,
2224,송파구,11200,,
2225,송파구,11200,,
2226,송파구,11200,,
2227,송파구,11200,,
2228,송파구,11200,,
2229,송파구,11200,,
2230,송파구,11200,,
2231,송파구,11200,,
2232,송파구,11200,,
2233,송파구,11200,,
2234,송파구,11200,,
2235,송파구,11200,,
2236,송파구,11200,,
2237,송파구,11200,,
2238,송파구,11200,,
2239,송파구,11200,,
2240,송파구,11200,,
2241,송파구,11200,,
2242,송파구,11200,,
2243,송파구,11200,,
2244,송파구,11200,,
2245,송파구,11200,,
2246,송파구,11200,,
2247,송파구,11200,,
2248,송파구,11200,,
2249,송파구,11200,,
2250,송파구,11200,,
2251,송파구,11200,,
2252,송파구,11200,,
2253,송파구,11200,,
2254,송파구,11200,,
2255,송파구,11200,,
2256,송파구,11200,,
2257,송파구,11200,,
2258,송파구,11200,,
2259,송파구,11200,,
2260,송파구,11200,,
2261,송파구,11200,,
2262,송파구,11200,,
2263,송파구,11200,,
2264,송파구,11200,,
2265,송파구,11200,,
2266,송파구,11200,,
2267,송파구,11200,,
2268,송파구,11200,,
2269,송파구,11200,,
2270,송파구,11200,,
2271,송파구,11200,,
2272,송파구,11200,,
2273,송파구,11200,,
2274,송파구,11200,,
2275,송파구,11200,,
2276,송파구,11200,,
2277,송파구,11200,,
2278,송파구,11200,,
2279,송파구,11200,,
2280,송파구,11200,,
2281,송파구,11200,,
2282,송파구,11200,,
2283,송파구,11200,,
2284,송파구,11200,,
2285,송파구,11200,,
2286,송파구,11200,,
2287,송파구,11200,,
2288,송파구,11210,,
2289,송파구,11210,,
2290,송파구,11210,,
2291,송파구,11210,,
2292,송파구,11210,,
2293,송파구,11210,,
2294,송파구,11210,,
2295,송파구,11210,,
2296,송파구,11210,,
2297,송파구,11210,,
2298,송파구,11210,,
2299,송파구,11210,,
2300,송파구,11210,,
2301,송파구,11210,,
2302,송파구,11210,,
2303,송파구,11210,,
2304,송파구,11210,,
2305,송파구,11210,,
2306,송파구,11210,,
2307,송파구,11210,,
2308,송파구,11210,,
2309,송파구,11210,,
2310,송파구,11210,,
2311,송파구,11210,,
2312,송파구,11210,,
2313,송파구,11210,,
2314,송파구,11210,,
2315,송파구,11210,,
2316,송파구,11210,,
2317,송파구,11210,,
2318,송파구,11210,,
2319,송파구,11210,,
2320,송파구,11210,,
2321,송파구,11210,,
2322,송파구,11210,,
2323,송파구,11210,,
2324,송파구,11210,,
2325,송파구,11210,,
2326,송파구,11210,,
2327,송파구,11210,,
2328,송파구,11210,,
2329,송파구,11210,,
2330,송파구,11210,,
2331,송파구,11210,,
2332,송파구,11210,,
2333,송파구,11210,,
2334,송파구,11210,,
2335,송파구,11210,,
2336,송파구,11210,,
2337,송파구,11210,,
2338,송파구,11210,,
2339,송파구,11210,,
2340,송파구,11210,,
2341,송파구,11210,,
2342,송파구,11210,,
2343,송파구,11210,,
2344,송파구,11210,,
2345,송파구,11210,,
2346,송파구,11210,,
2347,송파구,11210,,
2348,송파구,11210,,
2349,송파구,11210,,
2350,송파구,11210,,
2351,송파구,11210,,
2352,시군구,11210,,
2353,양천구,11210,,
2354,양천구,11210,,
2355,양천구,11210,,
2356,양천구,11210,,
2357,양천구,11210,,
2358,양천구,11210,,
2359,양천구,11210,,
2360,양천구,11210,,
2361,양천구,11210,,
2362,양천구,11210,,
2363,양천구,11210,,
2364,양천구,11210,,
2365,양천구,11210,,
2366,양천구,11210,,
2367,양천구,11210,,
2368,양천구,11210,,
2369,양천구,11210,,
2370,양천구,11210,,
2371,양천구,11210,,
2372,양천구,11210,,
2373,양천구,11210,,
2374,양천구,11210,,
2375,양천구,11210,,
2376,양천구,11210,,
2377,양천구,11210,,
2378,양천구,11210,,
2379,양천구,11210,,
2380,양천구,11210,,
2381,양천구,11210,,
2382,양천구,11210,,
2383,양천구,11210,,
2384,양천구,11210,,
2385,양천구,11210,,
2386,양천구,11210,,
2387,양천구,11210,,
2388,양천구,11210,,
2389,양천구,11210,,
2390,양천구,11210,,
2391,양천구,11210,,
2392,양천구,11220,,
2393,양천구,11220,,
2394,양천구,11220,,
2395,양천구,11220,,
2396,양천구,11220,,
2397,양천구,11220,,
2398,양천구,11220,,
2399,양천구,11220,,
2400,양천구,11220,,
2401,양천구,11220,,
2402,양천구,11220,,
2403,양천구,11220,,
2404,양천구,11220,,
2405,양천구,11220,,
2406,양천구,11220,,
2407,양천구,11220,,
2408,양천구,11220,,
2409,양천구,11220,,
2410,양천구,11220,,
2411,양천구,11220,,
2412,양천구,11220,,
2413,양천구,11220,,
2414,양천구,11220,,
2415,양천구,11220,,
2416,양천구,11220,,
2417,양천구,11220,,
2418,양천구,11220,,
2419,양천구,11220,,
2420,양천구,11220,,
2421,양천구,11220,,
2422,양천구,11220,,
2423,양천구,11220,,
2424,양천구,11220,,
2425,양천구,11220,,
2426,양천구,11220,,
2427,양천구,11220,,
2428,양천구,11220,,
2429,양천구,11220,,
2430,양천구,11220,,
2431,양천구,11220,,
2432,양천구,11220,,
2433,양천구,11220,,
2434,양천구,11220,,
2435,양천구,11220,,
2436,양천구,11220,,
2437,양천구,11220,,
2438,양천구,11220,,
2439,양천구,11220,,
2440,양천구,11220,,
2441,양천구,11220,,
2442,양천구,11220,,
2443,양천구,11220,,
2444,양천구,11220,,
2445,양천구,11220,,
2446,양천구,11220,,
2447,양천구,11220,,
2448,양천구,11220,,
2449,양천구,11220,,
2450,양천구,11220,,
2451,양천구,11220,,
2452,양천구,11220,,
2453,양천구,11220,,
2454,양천구,11220,,
2455,양천구,11220,,
2456,양천구,11220,,
2457,양천구,11220,,
2458,양천구,11220,,
2459,양천구,11220,,
2460,양천구,11220,,
2461,양천구,11220,,
2462,양천구,11220,,
2463,양천구,11220,,
2464,양천구,11220,,
2465,양천구,11220,,
2466,양천구,11220,,
2467,양천구,11220,,
2468,양천구,11220,,
2469,양천구,11220,,
2470,양천구,11220,,
2471,양천구,11220,,
2472,양천구,11220,,
2473,양천구,11220,,
2474,양천구,11220,,
2475,양천구,11220,,
2476,양천구,11220,,
2477,양천구,11220,,
2478,양천구,11220,,
2479,양천구,11220,,
2480,양천구,11220,,
2481,양천구,11220,,
2482,양천구,11220,,
2483,양천구,11220,,
2484,영등포구,11220,,
2485,영등포구,11220,,
2486,영등포구,11220,,
2487,영등포구,11220,,
2488,영등포구,11220,,
2489,영등포구,11220,,
2490,영등포구,11220,,
2491,영등포구,11220,,
2492,영등포구,11220,,
2493,영등포구,11220,,
2494,영등포구,11220,,
2495,영등포구,11220,,
2496,영등포구,11220,,
2497,영등포구,11220,,
2498,영등포구,11220,,
2499,영등포구,11220,,
2500,영등포구,11220,,
2501,영등포구,11220,,
2502,영등포구,11220,,
2503,영등포구,11220,,
2504,영등포구,11220,,
2505,영등포구,11220,,
2506,영등포구,11220,,
2507,영등포구,11220,,
2508,영등포구,11220,,
2509,영등포구,11220,,
2510,영등포구,11220,,
2511,영등포구,11220,,
2512,영등포구,11220,,
2513,영등포구,11220,,
2514,영등포구,11220,,
2515,영등포구,11220,,
2516,영등포구,11220,,
2517,영등포구,11220,,
2518,영등포구,11220,,
2519,영등포구,11220,,
2520,영등포구,11220,,
2521,영등포구,11220,,
2522,영등포구,11220,,
2523,영등포구,11220,,
2524,영등포구,11220,,
2525,영등포구,11220,,
2526,영등포구,11220,,
2527,영등포구,11220,,
2528,영등포구,11220,,
2529,영등포구,11220,,
2530,영등포구,11220,,
2531,영등포구,11220,,
2532,영등포구,11220,,
2533,영등포구,11220,,
2534,영등포구,11220,,
2535,영등포구,11220,,
2536,영등포구,11220,,
2537,영등포구,11220,,
2538,영등포구,11220,,
2539,영등포구,11220,,
2540,영등포구,11220,,
2541,영등포구,11220,,
2542,영등포구,11220,,
2543,영등포구,11220,,
2544,영등포구,11220,,
2545,영등포구,11220,,
2546,영등포구,11220,,
2547,영등포구,11220,,
2548,영등포구,11220,,
2549,영등포구,11220,,
2550,영등포구,11220,,
2551,영등포구,11220,,
2552,영등포구,11220,,
2553,영등포구,11220,,
2554,영등포구,11220,,
2555,영등포구,11220,,
2556,영등포구,11220,,
2557,영등포구,11230,,
2558,영등포구,11230,,
2559,영등포구,11230,,
2560,영등포구,11230,,
2561,영등포구,11230,,
2562,영등포구,11230,,
2563,영등포구,11230,,
2564,영등포구,11230,,
2565,영등포구,11230,,
2566,영등포구,11230,,
2567,영등포구,11230,,
2568,영등포구,11230,,
2569,영등포구,11230,,
2570,영등포구,11230,,
2571,영등포구,11230,,
2572,영등포구,11230,,
2573,영등포구,11230,,
2574,영등포구,11230,,
2575,영등포구,11230,,
2576,영등포구,11230,,
2577,영등포구,11230,,
2578,영등포구,11230,,
2579,영등포구,11230,,
2580,영등포구,11230,,
2581,영등포구,11230,,
2582,영등포구,11230,,
2583,영등포구,11230,,
2584,영등포구,11230,,
2585,영등포구,11230,,
2586,영등포구,11230,,
2587,영등포구,11230,,
2588,영등포구,11230,,
2589,영등포구,11230,,
2590,영등포구,11230,,
2591,영등포구,11230,,
2592,영등포구,11230,,
2593,영등포구,11230,,
2594,영등포구,11230,,
2595,영등포구,11230,,
2596,영등포구,11230,,
2597,영등포구,11230,,
2598,영등포구,11230,,
2599,영등포구,11230,,
2600,영등포구,11230,,
2601,영등포구,11230,,
2602,영등포구,11230,,
2603,영등포구,11230,,
2604,영등포구,11230,,
2605,영등포구,11230,,
2606,영등포구,11230,,
2607,영등포구,11230,,
2608,영등포구,11230,,
2609,영등포구,11230,,
2610,영등포구,11230,,
2611,영등포구,11230,,
2612,영등포구,11230,,
2613,영등포구,11230,,
2614,영등포구,11230,,
2615,영등포구,11230,,
2616,영등포구,11230,,
2617,영등포구,11230,,
2618,영등포구,11230,,
2619,영등포구,11230,,
2620,영등포구,11230,,
2621,영등포구,11230,,
2622,영등포구,11230,,
2623,영등포구,11230,,
2624,영등포구,11230,,
2625,영등포구,11230,,
2626,영등포구,11230,,
2627,영등포구,11230,,
2628,영등포구,11230,,
2629,영등포구,11230,,
2630,영등포구,11230,,
2631,영등포구,11230,,
2632,영등포구,11230,,
2633,영등포구,11230,,
2634,영등포구,11230,,
2635,영등포구,11230,,
2636,영등포구,11230,,
2637,영등포구,11230,,
2638,영등포구,11230,,
2639,영등포구,11230,,
2640,영등포구,11230,,
2641,영등포구,11230,,
2642,영등포구,11230,,
2643,영등포구,11230,,
2644,영등포구,11230,,
2645,영등포구,11230,,
2646,영등포구,11230,,
2647,영등포구,11230,,
2648,영등포구,11230,,
2649,영등포구,11230,,
2650,영등포구,11230,,
2651,영등포구,11230,,
2652,영등포구,11230,,
2653,영등포구,11230,,
2654,영등포구,11230,,
2655,영등포구,11230,,
2656,영등포구,11230,,
2657,영등포구,11230,,
2658,영등포구,11230,,
2659,영등포구,11230,,
2660,영등포구,11230,,
2661,영등포구,11230,,
2662,영등포구,11230,,
2663,영등포구,11230,,
2664,영등포구,11230,,
2665,용산구,11230,,
2666,용산구,11230,,
2667,용산구,11230,,
2668,용산구,11230,,
2669,용산구,11230,,
2670,용산구,11230,,
2671,용산구,11230,,
2672,용산구,11230,,
2673,용산구,11230,,
2674,용산구,11230,,
2675,용산구,11230,,
2676,용산구,11230,,
2677,용산구,11230,,
2678,용산구,11230,,
2679,용산구,11230,,
2680,용산구,11230,,
2681,용산구,11230,,
2682,용산구,11230,,
2683,용산구,11230,,
2684,용산구,11230,,
2685,용산구,11230,,
2686,용산구,11230,,
2687,용산구,11230,,
2688,용산구,11230,,
2689,용산구,11230,,
2690,용산구,11230,,
2691,용산구,11230,,
2692,용산구,11230,,
2693,용산구,11230,,
2694,용산구,11230,,
2695,용산구,11230,,
2696,용산구,11230,,
2697,용산구,11230,,
2698,용산구,11230,,
2699,용산구,11230,,
2700,용산구,11230,,
2701,용산구,11230,,
2702,용산구,11230,,
2703,용산구,11230,,
2704,용산구,11230,,
2705,용산구,11230,,
2706,용산구,11230,,
2707,용산구,11230,,
2708,용산구,11230,,
2709,용산구,11230,,
2710,용산구,11230,,
2711,용산구,11230,,
2712,용산구,11230,,
2713,용산구,11230,,
2714,용산구,11230,,
2715,용산구,11230,,
2716,용산구,11230,,
2717,용산구,11230,,
2718,용산구,11230,,
2719,용산구,11230,,
2720,용산구,11230,,
2721,용산구,11230,,
2722,용산구,11230,,
2723,용산구,11230,,
2724,용산구,11230,,
2725,용산구,11230,,
2726,용산구,11230,,
2727,용산구,11230,,
2728,용산구,11230,,
2729,용산구,11230,,
2730,용산구,11230,,
2731,용산구,11230,,
2732,용산구,11230,,
2733,용산구,11230,,
2734,용산구,11230,,
2735,용산구,11230,,
2736,용산구,11230,,
2737,용산구,11230,,
2738,용산구,11230,,
2739,용산구,11230,,
2740,용산구,11230,,
2741,용산구,11230,,
2742,용산구,11230,,
2743,용산구,11230,,
2744,용산구,11240,,
2745,용산구,11240,,
2746,용산구,11240,,
2747,용산구,11240,,
2748,용산구,11240,,
2749,용산구,11240,,
2750,용산구,11240,,
2751,용산구,11240,,
2752,용산구,11240,,
2753,용산구,11240,,
2754,용산구,11240,,
2755,용산구,11240,,
2756,용산구,11240,,
2757,용산구,11240,,
2758,용산구,11240,,
2759,용산구,11240,,
2760,용산구,11240,,
2761,용산구,11240,,
2762,용산구,11240,,
2763,용산구,11240,,
2764,용산구,11240,,
2765,용산구,11240,,
2766,은평구,11240,,
2767,은평구,11240,,
2768,은평구,11240,,
2769,은평구,11240,,
2770,은평구,11240,,
2771,은평구,11240,,
2772,은평구,11240,,
2773,은평구,11240,,
2774,은평구,11240,,
2775,은평구,11240,,
2776,은평구,11240,,
2777,은평구,11240,,
2778,은평구,11240,,
2779,은평구,11240,,
2780,은평구,11240,,
2781,은평구,11240,,
2782,은평구,11240,,
2783,은평구,11240,,
2784,은평구,11240,,
2785,은평구,11240,,
2786,은평구,11240,,
2787,은평구,11240,,
2788,은평구,11240,,
2789,은평구,11240,,
2790,은평구,11240,,
2791,은평구,11240,,
2792,은평구,11240,,
2793,은평구,11240,,
2794,은평구,11240,,
2795,은평구,11240,,
2796,은평구,11240,,
2797,은평구,11240,,
2798,은평구,11240,,
2799,은평구,11240,,
2800,은평구,11240,,
2801,은평구,11240,,
2802,은평구,11240,,
2803,은평구,11240,,
2804,은평구,11240,,
2805,은평구,11240,,
2806,은평구,11240,,
2807,은평구,11240,,
2808,은평구,11240,,
2809,은평구,11240,,
2810,은평구,11240,,
2811,은평구,11240,,
2812,은평구,11240,,
2813,은평구,11240,,
2814,은평구,11240,,
2815,은평구,11240,,
2816,은평구,11240,,
2817,은평구,11240,,
2818,은평구,11240,,
2819,은평구,11240,,
2820,은평구,11240,,
2821,은평구,11240,,
2822,은평구,11240,,
2823,은평구,11240,,
2824,은평구,11240,,
2825,은평구,11240,,
2826,은평구,11240,,
2827,은평구,11240,,
2828,은평구,11240,,
2829,은평구,11240,,
2830,은평구,11240,,
2831,은평구,11240,,
2832,은평구,11240,,
2833,은평구,11240,,
2834,은평구,11240,,
2835,은평구,11240,,
2836,은평구,11240,,
2837,은평구,11240,,
2838,은평구,11240,,
2839,은평구,11240,,
2840,은평구,11240,,
2841,은평구,11240,,
2842,은평구,11240,,
2843,은평구,11240,,
2844,은평구,11240,,
2845,은평구,11240,,
2846,은평구,11240,,
2847,은평구,11240,,
2848,은평구,11240,,
2849,은평구,11240,,
2850,은평구,11240,,
2851,은평구,11240,,
2852,은평구,11240,,
2853,은평구,11240,,
2854,은평구,11240,,
2855,은평구,11240,,
2856,은평구,11240,,
2857,은평구,11240,,
2858,은평구,11240,,
2859,은평구,11240,,
2860,은평구,11240,,
2861,은평구,11240,,
2862,은평구,11240,,
2863,은평구,11240,,
2864,은평구,11240,,
2865,은평구,11240,,
2866,은평구,11240,,
2867,은평구,11240,,
2868,은평구,11240,,
2869,은평구,11240,,
2870,은평구,11240,,
2871,은평구,11240,,
2872,은평구,11240,,
2873,은평구,11240,,
2874,은평구,11240,,
2875,은평구,11240,,
2876,은평구,11240,,
2877,은평구,11240,,
2878,은평구,11240,,
2879,은평구,11240,,
2880,은평구,11240,,
2881,은평구,11240,,
2882,은평구,11240,,
2883,은평구,11240,,
2884,은평구,11240,,
2885,은평구,11240,,
2886,은평구,11240,,
2887,종로구,11240,,
2888,종로구,11240,,
2889,종로구,11240,,
2890,종로구,11240,,
2891,종로구,11240,,
2892,종로구,11240,,
2893,종로구,11240,,
2894,종로구,11240,,
2895,종로구,11240,,
2896,종로구,11240,,
2897,종로구,11240,,
2898,종로구,11240,,
2899,종로구,11240,,
2900,종로구,11240,,
2901,종로구,11240,,
2902,종로구,11240,,
2903,종로구,11240,,
2904,종로구,11240,,
2905,종로구,11240,,
2906,종로구,11240,,
2907,종로구,11240,,
2908,종로구,11240,,
2909,종로구,11240,,
2910,종로구,11240,,
2911,종로구,11240,,
2912,종로구,11240,,
2913,종로구,11240,,
2914,종로구,11240,,
2915,종로구,11240,,
2916,종로구,11240,,
2917,종로구,11240,,
2918,종로구,11240,,
2919,종로구,11240,,
2920,종로구,11240,,
2921,종로구,11240,,
2922,종로구,11240,,
2923,종로구,11240,,
2924,종로구,11240,,
2925,종로구,11240,,
2926,종로구,11240,,
2927,종로구,11240,,
2928,종로구,11240,,
2929,종로구,11240,,
2930,종로구,11240,,
2931,종로구,11240,,
2932,종로구,11240,,
2933,종로구,11240,,
2934,종로구,11240,,
2935,종로구,11240,,
2936,종로구,11240,,
2937,종로구,11240,,
2938,종로구,11240,,
2939,종로구,11240,,
2940,종로구,11240,,
2941,종로구,11240,,
2942,종로구,11240,,
2943,종로구,11240,,
2944,종로구,11240,,
2945,종로구,11240,,
2946,종로구,11240,,
2947,종로구,11240,,
2948,종로구,11240,,
2949,종로구,11240,,
2950,종로구,11240,,
2951,종로구,11240,,
2952,종로구,11240,,
2953,종로구,11240,,
2954,종로구,11240,,
2955,종로구,11240,,
2956,종로구,11240,,
2957,종로구,11240,,
2958,종로구,11240,,
2959,종로구,11240,,
2960,종로구,11240,,
2961,종로구,11240,,
2962,종로구,11240,,
2963,종로구,11240,,
2964,종로구,11240,,
2965,종로구,11240,,
2966,종로구,11240,,
2967,종로구,11240,,
2968,종로구,11240,,
2969,종로구,11240,,
2970,종로구,11240,,
2971,종로구,11240,,
2972,종로구,11240,,
2973,종로구,11240,,
2974,종로구,11240,,
2975,종로구,11240,,
2976,종로구,11240,,
2977,종로구,11240,,
2978,종로구,11240,,
2979,종로구,11240,,
2980,종로구,11240,,
2981,종로구,11240,,
2982,종로구,11240,,
2983,종로구,11240,,
2984,종로구,11240,,
2985,종로구,11240,,
2986,종로구,11240,,
2987,종로구,11250,,
2988,종로구,11250,,
2989,종로구,11250,,
2990,종로구,11250,,
2991,종로구,11250,,
2992,종로구,11250,,
2993,종로구,11250,,
2994,종로구,11250,,
2995,종로구,11250,,
2996,종로구,11250,,
2997,종로구,11250,,
2998,종로구,11250,,
2999,종로구,11250,,
3000,종로구,11250,,
3001,종로구,11250,,
3002,종로구,11250,,
3003,종로구,11250,,
3004,종로구,11250,,
3005,종로구,11250,,
3006,종로구,11250,,
3007,종로구,11250,,
3008,종로구,11250,,
3009,종로구,11250,,
3010,종로구,11250,,
3011,중구,11250,,
3012,중구,11250,,
3013,중구,11250,,
3014,중구,11250,,
3015,중구,11250,,
3016,중구,11250,,
3017,중구,11250,,
3018,중구,11250,,
3019,중구,11250,,
3020,중구,11250,,
3021,중구,11250,,
3022,중구,11250,,
3023,중구,11250,,
3024,중구,11250,,
3025,중구,11250,,
3026,중구,11250,,
3027,중구,11250,,
3028,중구,11250,,
3029,중구,11250,,
3030,중구,11250,,
3031,중구,11250,,
3032,중구,11250,,
3033,중구,11250,,
3034,중구,11250,,
3035,중구,11250,,
3036,중구,11250,,
3037,중구,11250,,
3038,중구,11250,,
3039,중구,11250,,
3040,중구,11250,,
3041,중구,11250,,
3042,중구,11250,,
3043,중구,11250,,
3044,중구,11250,,
3045,중구,11250,,
3046,중구,11250,,
3047,중구,11250,,
3048,중구,11250,,
3049,중구,11250,,
3050,중구,11250,,
3051,중구,11250,,
3052,중구,11250,,
3053,중구,11250,,
3054,중구,11250,,
3055,중구,11250,,
3056,중구,11250,,
3057,중구,11250,,
3058,중구,11250,,
3059,중구,11250,,
3060,중구,11250,,
3061,중구,11250,,
3062,중구,11250,,
3063,중구,11250,,
3064,중구,11250,,
3065,중구,11250,,
3066,중구,11250,,
3067,중구,11250,,
3068,중구,11250,,
3069,중구,11250,,
3070,중구,11250,,
3071,중구,11250,,
3072,중구,11250,,
3073,중구,11250,,
3074,중구,11250,,
3075,중구,11250,,
3076,중구,11250,,
3077,중구,11250,,
3078,중구,11250,,
3079,중구,11250,,
3080,중구,11250,,
3081,중구,11250,,
3082,중구,11250,,
3083,중구,11250,,
3084,중구,11250,,
3085,중구,11250,,
3086,중구,11250,,
3087,중구,11250,,
3088,중구,11250,,
3089,중구,11250,,
3090,중구,11250,,
3091,중구,11250,,
3092,중구,11250,,
3093,중구,11250,,
3094,중구,11250,,
3095,중구,11250,,
3096,중구,11250,,
3097,중구,11250,,
3098,중구,11250,,
3099,중구,11250,,
3100,중구,11250,,
3101,중구,11250,,
3102,중구,11250,,
3103,중구,11250,,
3104,중구,11250,,
3105,중구,11250,,
3106,중구,11250,,
3107,중구,11250,,
3108,중구,11250,,
3109,중구,11250,,
3110,중구,11250,,
3111,중구,11250,,
3112,중구,11250,,
3113,중구,11250,,
3114,중구,11250,,
3115,중구,11250,,
3116,중구,11250,,
3117,중구,11250,,
3118,중구,11250,,
3119,중랑구,11250,,
3120,중랑구,11070,,
3121,중랑구,11070,,
3122,중랑구,11070,,
3123,중랑구,11070,,
3124,중랑구,11070,,
3125,중랑구,11070,,
3126,중랑구,11070,,
3127,중랑구,11070,,
3128,중랑구,11070,,
3129,중랑구,11070,,
3130,중랑구,11070,,
3131,중랑구,11070,,
3132,중랑구,11070,,
3133,중랑구,11070,,
3134,중랑구,11070,,
3135,중랑구,11070,,
3136,중랑구,11070,,
3137,중랑구,11070,,
3138,중랑구,11070,,
3139,중랑구,11070,,
3140,중랑구,11070,,
3141,중랑구,11070,,
3142,중랑구,11070,,
3143,중랑구,11070,,
3144,중랑구,11070,,
3145,중랑구,11070,,
3146,중랑구,11070,,
3147,중랑구,11070,,
3148,중랑구,11070,,
3149,중랑구,11070,,
3150,중랑구,11070,,
3151,중랑구,11070,,
3152,중랑구,11070,,
3153,중랑구,11070,,
3154,중랑구,11070,,
3155,중랑구,11070,,
3156,중랑구,11070,,
3157,중랑구,11070,,
3158,중랑구,11070,,
3159,중랑구,11070,,
3160,중랑구,11070,,
3161,중랑구,11070,,
3162,중랑구,11070,,
3163,중랑구,11070,,
3164,중랑구,11070,,
3165,중랑구,11070,,
3166,중랑구,11070,,
3167,중랑구,11070,,
3168,중랑구,11070,,
3169,중랑구,11070,,
3170,중랑구,11070,,
3171,중랑구,11070,,
3172,중랑구,11070,,
3173,중랑구,11070,,
3174,중랑구,11070,,
3175,중랑구,11070,,
3176,중랑구,11070,,
3177,중랑구,11070,,
3178,중랑구,11070,,
3179,중랑구,11070,,
3180,중랑구,11070,,
3181,중랑구,11070,,
3182,중랑구,11070,,
3183,중랑구,11070,,
3184,중랑구,11070,,
3185,중랑구,11070,,
3186,중랑구,11070,,
3187,중랑구,11070,,
3188,중랑구,11070,,
3189,중랑구,11070,,
3190,중랑구,11070,,
3191,중랑구,11070,,
3192,중랑구,11070,,
3193,중랑구,11070,,
3194,중랑구,11070,,
3195,중랑구,11070,,
3196,중랑구,11070,,
3197,중랑구,11070,,
3198,중랑구,11070,,
3199,중랑구,11070,,
3200,중랑구,11070,,
3201,중랑구,11070,,
3202,중랑구,11070,,
3203,중랑구,11070,,
3204,중랑구,11070,,
3205,중랑구,11070,,
3206,중랑구,11070,,
3207,중랑구,11070,,
3208,중랑구,11070,,
3209,중랑구,11070,,
3210,중랑구,11070,,
3211,중랑구,11070,,
3212,중랑구,11070,,
3213,중랑구,11070,,
3214,중랑구,11070,,
3215,중랑구,11070,,
3216,중랑구,11070,,
3217,중랑구,11070,,
3218,중랑구,11070,,
3219,중랑구,11070,,
3220,중랑구,11070,,
3221,중랑구,11070,,
3222,중랑구,11070,,
3223,중랑구,11070,,
3224,중량구,11070,,
3225,중량구,11070,,
