,장소명,위도,경도,주제
0,협재관광지,33.3935073,126.2384709,관광지
1,곽지관광지,33.4499564,126.3041171,관광지
2,김녕관광지,33.5548971,126.7656156,관광지
3,절물자연휴양림,33.44004881,126.6252034,관광지
4,노루생태관찰원,33.4443253,126.6266934,관광지
5,제주별빛누리공원,33.4445529,126.5491863,관광지
6,천지연폭포,33.2447447,126.5595511,관광지
7,정방폭포,33.24474912,126.5730486,관광지
8,주상절리대,33.23799399,126.4260174,관광지
9,천제연폭포,33.2526783,126.4183754,관광지
10,산방산,33.23697818,126.312306,관광지
11,용머리해안,33.23342738,126.3136956,관광지
12,감귤박물관,33.27159304,126.6074285,관광지
13,올레길 7코스(서귀포-월평 올레)1,33.23738579,126.5153097,관광지
14,올레길 1코스(시흥-광치기 올레)2,33.47866074,126.9063665,관광지
15,올레길 6코스(쇠소깍-서귀포 올레)3,33.24127212,126.5923061,관광지
16,올레길 17코스(광령-제주원도심 올레)4,33.50563877,126.4726048,관광지
17,올레길 13코스(용수-저지 올레)5,33.32862532,126.2123034,관광지
18,올레길 18코스(제주원도심-조천 올레)6,33.5252281,126.582143,관광지
19,올레길 16코스(고내-광령 올레)7,33.46879639,126.3873677,관광지
20,올레길 5코스(남원-쇠소깍 올레)8,33.27078076,126.6674399,관광지
21,올레길 10코스(화순-모슬포 올레)9,33.21689044,126.2932099,관광지
22,올레길 8코스(월평-대평 올레)10,33.24462042,126.4139222,관광지
23,올레길 20코스(김녕-하도 올레)11,33.5542454,126.8054717,관광지
24,올레길 4코스(표선-남원 올레)12,33.30481622,126.787928,관광지
25,올레길 19코스(조천-김녕 올레)13,33.54625033,126.6890042,관광지
26,올레길 2코스(광치기-온평 올레)14,33.44248713,126.9015432,관광지
27,올레길 12코스(무릉-용수 올레)15,33.27915824,126.1906959,관광지
28,올레길 14코스(저지-한림 올레)16,33.36565954,126.2296083,관광지
29,올레길 9코스(대평-화순 올레)17,33.24267489,126.3483592,관광지
30,올레길 21코스18,33.51281075,126.8982702,관광지
31,올레길 1-1코스(우도-올레)19,33.49633806,126.9557672,관광지
32,올레길 14-1코스(저지-서광 올레)20,33.32211025,126.2859696,관광지
33,올레길 15-B코스(한림-고내 올레)21,33.4469668,126.2967484,관광지
34,올레길 15-A코스(한림-고내 올레)22,33.43275796,126.3115602,관광지
35,올레길 7-1코스(월드컵경기장-서귀포 올레)23,33.26209937,126.5232267,관광지
36,올레길 3-A코스(온평-표선 올레)24,33.37140153,126.8607518,관광지
37,올레길 18-1코스(추자도-올레)25,33.95241487,126.3127219,관광지
38,올레길 11코스(모슬포-무릉 올레)26,33.25307584,126.2582191,관광지
39,올레길 3-B코스(온평-표선 올레)27,33.36659069,126.8709674,관광지
40,올레길 10-1코스(가파도 올레)28,33.17036186,126.2710869,관광지
41,함덕해수욕장29,33.54306157,126.6692389,관광지
42,남원큰엉해변30,33.27335018,126.70371,관광지
43,성산일출봉31,33.45913497,126.9405375,관광지
44,협재해수욕장32,33.39386608,126.2391575,관광지
45,섭지코지33,33.42393807,126.9306092,관광지
46,비자림35,33.49040837,126.8099875,관광지
47,스누피가든37,33.44335922,126.7796675,관광지
48,새별오름38,33.36627759,126.3577307,관광지
49,에코랜드테마파크39,33.44833873,126.6702787,관광지
50,사려니숲길40,33.42203283,126.6264973,관광지
51,이호테우해수욕장41,33.4973768,126.4526908,관광지
52,용두암44,33.51611062,126.5119571,관광지
53,카멜리아힐45,33.28963443,126.3700095,관광지
54,제주여미지식물원,33.252417,126.414441,공원
55,생각하는정원,33.325573,126.255053,공원
56,한림공원,33.390257,126.238428,공원
57,한라수목원,33.469378,126.492892,공원
58,삼무공원,33.491767,126.491429,공원
59,스모르공원,33.241078,126.526419,공원
60,걸매생활체육공원,33.249828,126.554691,공원
61,어린이공원,33.502116,126.521914,공원
62,사라봉공원,33.51734,126.545924,공원
63,금능소공원,33.382166,126.219992,공원
64,자고내쉼터,33.379442,126.263926,공원
65,구좌중앙쉼터,33.550823,126.796914,공원
66,제주돌문화공원,33.449283,126.660978,공원
67,일도체육공원,33.503908,126.548161,공원
68,서귀포테니스공원,33.257827,126.56409,공원
69,이도근린공원,33.497159,126.543987,공원
70,수운근린공원,33.50045,126.539575,공원
71,한라산국립공원,33.392445,126.510042,공원
72,아름다운돌공원,33.468878,126.484493,공원
73,조천만세동산성역화공원,33.540572,126.641265,공원
74,샘물공원,33.540348,126.675162,공원
75,북촌돌하르방공원,33.539523,126.689286,공원
76,수산2리공원,33.439762,126.867797,공원
77,삼달리체육공원,33.387434,126.825502,공원
78,해양소공원,33.270402,126.658794,공원
79,남원2리체육공원,33.294575,126.710827,공원
80,구남모루소공원,33.299657,126.655457,공원
81,신흥2리체육공원,33.320181,126.744623,공원
82,노형미리내공원,33.459187,126.478718,공원
83,제주4점3평화공원,33.45149,126.619469,공원
84,제주어린이교통공원,33.45144,126.623206,공원
85,송당초등학교체육공원,33.470115,126.774655,공원
86,72호어린이공원,33.485741,126.430059,공원
87,72호어린이공원,33.490558,126.430109,공원
88,71번어린이공원,33.491657,126.427884,공원
89,세천동체육공원,33.270811,126.678018,공원
90,월산체육공원,33.470119,126.461857,공원
91,77호어린이공원,33.490691,126.434009,공원
92,78호어린이공원,33.488408,126.432384,공원
93,어린이공원,33.4919,126.486604,공원
94,어린이공원,33.492633,126.488904,공원
95,어린이공원,33.4908,126.483192,공원
96,92호어린이공원,33.483609,126.471718,공원
97,어린이공원,33.484817,126.473168,공원
98,53호어린이공원,33.48725,126.47558,공원
99,어린이공원,33.485442,126.476618,공원
100,91호어린이공원,33.484334,126.470993,공원
101,어린이공원,33.483093,126.488929,공원
102,연동공원,33.483284,126.494179,공원
103,어린이공원,33.487101,126.494341,공원
104,69호어린이공원,33.487275,126.42771,공원
105,73호어린이공원,33.490141,126.427697,공원
106,775어린이공원,33.488183,126.428372,공원
107,수산체육공원,33.446494,126.854386,공원
108,왕빛나무쉼터,33.350052,126.698414,공원
109,교래리소공원,33.427277,126.674052,공원
110,봉개동생활체육장,33.483261,126.610581,공원
111,어린이공원,33.497484,126.540812,공원
112,제42호어린이공원,33.502308,126.544812,공원
113,걸매생태공원,33.250078,126.555854,공원
114,신학공원,33.251594,126.511845,공원
115,레포츠공원,33.518256,126.499128,공원
116,신풍레포츠공원,33.379584,126.815378,공원
117,한경공원,33.34047,126.182547,공원
118,망동산소공원,33.345261,126.184909,공원
119,별내린전망대,33.247568,126.417003,공원
120,한라산전망대,33.248601,126.415791,공원
121,동난드르쉼터,33.234168,126.376095,공원
122,창고천생태공원,33.256524,126.354984,공원
123,대섭공원,33.477791,126.370452,공원
124,도련동네체육시설,33.512524,126.596082,공원
125,오당빌레쉼터,33.453694,126.351842,공원
126,애월한담공원,33.459742,126.311095,공원
127,귀덕궤물동산,33.442386,126.289498,공원
128,남도리쉼터,33.47735,126.353779,공원
129,도치돌소공원,33.420881,126.341656,공원
130,롯데호텔제주풍차공원,33.246676,126.410666,공원
131,거린오름,33.299569,126.328097,공원
132,당오름,33.327974,126.332184,공원
133,남송이오름,33.307434,126.303937,공원
134,카멜리아힐(동백언덕),33.289687,126.369057,공원
135,신산공원,33.505166,126.532588,공원
136,아열대식물원,33.389666,126.238103,공원
137,선녀와나무꾼테마공원,33.479422,126.702936,공원
138,서귀미로공원,33.246936,126.51247,공원
139,혼인지마을체육공원,33.393642,126.898246,공원
140,상효원식물원,33.306122,126.584925,공원
141,향기정원,33.269718,126.606486,공원
142,문화공원,33.250585,126.507995,공원
143,열린쉼터,33.245246,126.599488,공원
144,싱계물공원,33.343153,126.174022,공원
145,정모시쉼터,33.246628,126.571815,공원
146,휴애리자연생활공원,33.308323,126.634708,공원
147,영모공원,33.428338,126.330157,공원
148,어린이공원,33.500558,126.534012,공원
149,향군공원,33.257461,126.576552,공원
150,다스름테마파크,33.32634,126.259665,공원
151,제2어린이공원,33.51759,126.576108,공원
152,어린이공원,33.491409,126.498878,공원
153,연동근린공원,33.482293,126.489117,공원
154,칠십리시공원,33.247403,126.553229,공원
155,중앙공원,33.250203,126.563591,공원
156,아열대식물원,33.272001,126.608686,공원
157,43호어린이공원,33.50015,126.547399,공원
158,하늘아래수목원,33.285432,126.532742,공원
159,솜반천,33.253594,126.553541,공원
160,대천동도순소공원,33.251335,126.478448,공원
161,예래동도시숲,33.236493,126.374957,공원
162,쇼나조각공원,33.240044,126.429065,공원
163,중문미로공원,33.250817,126.414066,공원
164,초록동산,33.408641,126.897271,공원
165,제주시생활체육공원,33.473513,126.636854,공원
166,망동산공원,33.521406,126.564534,공원
167,사라봉공원,33.518465,126.556673,공원
168,종달고망난돌쉼터,33.510196,126.906742,공원
169,파평윤씨공원,33.519763,126.95605,공원
170,한원리소공원,33.337954,126.196395,공원
171,근린공원,33.249841,126.321837,공원
172,제원어린이공원,33.487367,126.486367,공원
173,하모체육공원,33.218818,126.252431,공원
174,녹남못꽃동산,33.219318,126.269704,공원
175,제주오름공원,33.485876,126.512352,공원
176,환상숲,33.322557,126.26324,공원
177,기적의공원,33.480243,126.482542,공원
178,설문대할망테마공원,33.362695,126.835427,공원
179,제주승마공원,33.405508,126.406638,공원
180,44호어린이공원,33.50404,126.464806,공원
181,감산마을체육공원,33.258107,126.354159,공원
182,월림리소공원,33.347946,126.256328,공원
183,올레길쉼터,33.321798,126.777983,공원
184,가시리체육공원,33.353262,126.774845,공원
185,청수소공원,33.311366,126.247129,공원
186,청수곶자왈,33.305475,126.262153,공원
187,애월근린공원,33.463626,126.332968,공원
188,바르게동산,33.549216,126.81375,공원
189,올레길쉼터,33.307801,126.818342,공원
190,테마쉼터,33.452744,126.341993,공원
191,녹차미로공원,33.292829,126.421052,공원
192,산이물공원,33.221051,126.246881,공원
193,50호어린이공원,33.489758,126.476305,공원
194,49호어린이공원,33.492208,126.475318,공원
195,51호어린이공원,33.489084,126.481267,공원
196,52호어린이공원,33.488467,126.477755,공원
197,98호어린이공원,33.487925,126.47448,공원
198,11호어린이공원,33.486734,126.484005,공원
199,12호어린이공원,33.482876,126.482605,공원
200,노형공원,33.480276,126.482717,공원
201,아름다운돌공원,33.433477,126.705899,공원
202,22호어린이공원,33.520048,126.580033,공원
203,30호어린이공원,33.524081,126.58177,공원
204,24호어린이공원,33.52579,126.590407,공원
205,82호어린이공원,33.51964,126.567697,공원
206,제주1호행복놀이터,33.493167,126.529488,공원
207,도련1동체육공원,33.5057,126.58847,공원
208,근린공원,33.474,126.904906,공원
209,노루생태관찰원,33.480128,126.619756,공원
210,이도2지구근린공원,33.496225,126.544687,공원
211,이도2지구어린이공원,33.493567,126.543999,공원
212,이도2지구어린이공원,33.489659,126.53395,공원
213,낙천의자공원,33.327622,126.226156,공원
214,탑동광장,33.518056,126.526288,공원
215,회을공원,33.168732,126.270918,공원
216,색달마을체육공원,33.265107,126.414228,공원
217,다락쉼터,33.470358,126.340692,공원
218,근린공원,33.539239,126.673712,공원
219,근린공원,33.490584,126.530026,공원
220,봉글래쉼터,33.966161,126.288248,공원
221,장작평사와친수공원,33.940581,126.323883,공원
222,영흥쉼터,33.957762,126.301485,공원
223,곶자왈도립공원,33.283503,126.273715,공원
224,조랑말체험공원,33.383283,126.736435,공원
225,벌내물공원,33.343028,126.174897,공원
226,해거름마을공원,33.370234,126.206494,공원
227,노형제2근린공원,33.4893,126.471506,공원
228,한림수족관,33.411164,126.265475,공원
229,제주돌마을공원,33.35422,126.253765,공원
230,조천만세동산,33.539922,126.641815,공원
231,걸매생활체육공원축구장,33.249803,126.553891,공원
232,미래1공원,33.259051,126.51292,공원
233,문화1공원,33.259734,126.508695,공원
234,미래2공원,33.257251,126.511545,공원
235,문화2공원,33.257593,126.508283,공원
236,올림픽동산,33.330049,126.836815,공원
237,신흥리소공원,33.306175,126.768297,공원
238,서귀포해양도립공원,33.240012,126.557954,공원
239,토평마을소공원,33.267027,126.58985,공원
240,무릉2리소공원,33.272462,126.245255,공원
241,성산일출해양도립공원,33.461919,126.935579,공원
242,제주농업생태원,33.287691,126.608348,공원
243,아름다운동화공원,33.250377,126.507858,공원
244,새마을소공원,33.241752,126.443701,공원
245,최남단체험테마공원,33.290059,126.693203,공원
246,수망리물영아리농산물판매장쉼터,33.361176,126.691727,공원
247,신풍레포츠공원,33.379109,126.816153,공원
248,사계리해안체육공원,33.221402,126.295065,공원
249,스모르공원,33.24132,126.527181,공원
250,왕빛나무쉼터,33.349544,126.698514,공원
251,올레꾼무인쉼터,33.447328,126.902994,공원
252,오조풍낭쉼터,33.461502,126.915005,공원
253,방문자쉼터,33.390666,126.801017,공원
254,제19호어린이공원,33.506474,126.543199,공원
255,모구리쉼터,33.374194,126.852138,공원
256,공천포쉼터,33.265219,126.640996,공원
257,어린이공원,33.502333,126.544912,공원
258,탐라신화공원,33.463323,126.709673,공원
259,56호어린이공원,33.508925,126.58502,공원
260,새미은총의동산,33.34813,126.323022,공원
261,IUCN기념숲,33.310118,126.345371,공원
262,제주비블리아성서식물원,33.356162,126.275076,공원
263,제주도관광식물원,33.252417,126.414441,공원
264,분재예술원(구),33.325573,126.255053,공원
265,베두리오름,33.491767,126.491429,공원
266,걸매생활공원,33.249828,126.554691,공원
267,일도공원,33.503908,126.548161,공원
268,삼달리공원,33.387434,126.825502,공원
269,4점3평화공원,33.45149,126.619469,공원
270,어린이교통공원,33.45144,126.623206,공원
271,체육공원,33.470115,126.774655,공원
272,제주롯데호텔풍차공원,33.246676,126.410666,공원
273,남소로기오름,33.307434,126.303937,공원
274,카멜리아힐동백언덕,33.289687,126.369057,공원
275,선녀와나무꾼공원,33.479422,126.702936,공원
276,미로공원,33.246936,126.51247,공원
277,혼인지체육공원,33.393642,126.898246,공원
278,휴애리자연생태공원,33.308323,126.634708,공원
279,연동공원,33.482293,126.489117,공원
280,제주생활체육공원,33.473513,126.636854,공원
281,한원리공원,33.337954,126.196395,공원
282,제원공원,33.487367,126.486367,공원
283,하모공원,33.218818,126.252431,공원
284,오름공원,33.485876,126.512352,공원
285,설문대할망공원,33.362695,126.835427,공원
286,22호공원,33.520048,126.580033,공원
287,30호공원,33.524081,126.58177,공원
288,24호공원,33.52579,126.590407,공원
289,82호공원,33.51964,126.567697,공원
290,이도2지구공원,33.496225,126.544687,공원
291,미래일공원,33.259051,126.51292,공원
292,문화일공원,33.259734,126.508695,공원
293,미래이공원,33.257251,126.511545,공원
294,문화이공원,33.257593,126.508283,공원
295,신흥리공원,33.306175,126.768297,공원
296,서귀포도립공원,33.240012,126.557954,공원
297,토평마을공원,33.267027,126.58985,공원
298,무릉이리소공원,33.272462,126.245255,공원
299,성산일출해양공원,33.461919,126.935579,공원
300,최남단테마공원,33.290059,126.693203,공원
301,신풍공원,33.379109,126.816153,공원
302,사계리해안공원,33.221402,126.295065,공원
303,제십구호어린이공원,33.506474,126.543199,공원
304,탐라신들의고향,33.463323,126.709673,공원
305,비블리아성서식물원,33.356162,126.275076,공원
306,제주관광식물원,33.252417,126.414441,공원
307,제주43평화공원,33.45149,126.619469,공원
308,어린이공원,33.45144,126.623206,공원
309,호텔롯데제주풍차공원,33.246676,126.410666,공원
310,동백언덕,33.289687,126.369057,공원
311,혼인지공원,33.393642,126.898246,공원
312,돌미로공원,33.362695,126.835427,공원
313,서귀포해양공원,33.240012,126.557954,공원
314,무릉2리공원,33.272462,126.245255,공원
315,최남단체험공원,33.290059,126.693203,공원
316,사계리체육공원,33.221402,126.295065,공원
317,성서식물원,33.356162,126.275076,공원
318,여미지식물원,33.252417,126.414441,공원
319,풍차공원,33.246676,126.410666,공원
320,최남단공원,33.290059,126.693203,공원
321,사계리공원,33.221402,126.295065,공원
322,제주환상자전거길 1구간,33.49312616,126.430951,자전거도로
323,제주환상자전거길 2구간,33.42301896,126.2662602,자전거도로
324,제주환상자전거길 3구간,33.26557276,126.1865283,자전거도로
325,제주환상자전거길 8구간,33.52666307,126.8565032,자전거도로
326,제주환상자전거길 5구간,33.24445045,126.5822737,자전거도로
327,제주환상자전거길 4구간,33.25875789,126.4104966,자전거도로
328,제주환상자전거길 6구간,33.28438534,126.7294541,자전거도로
329,제주환상자전거길 7구간,33.39081412,126.8986877,자전거도로
330,제주환상자전거길 10구간,33.52462753,126.590749,자전거도로
331,제주환상자전거길 9구간,33.55269228,126.7236243,자전거도로
332,남녕고등학교,33.4895105,126.4829556,학교
333,남주고등학교,33.2758014,126.5645388,학교
334,대기고등학교,33.4934821,126.5934828,학교
335,대정고등학교,33.2319091,126.2605751,학교
336,대정여자고등학교,33.229359,126.2528811,학교
337,삼성여자고등학교,33.2546264,126.5841957,학교
338,서귀포고등학교,33.2572636,126.5624598,학교
339,서귀포산업과학고등학교,33.2977336,126.5958589,학교
340,서귀포여자고등학교,33.2435988,126.5315375,학교
341,성산고등학교,33.4698557,126.9154612,학교
342,세화고등학교,33.515853,126.8626392,학교
343,신성여자고등학교,33.478154,126.5635897,학교
344,애월고등학교,33.4605073,126.3337148,학교
345,영주고등학교,33.4564168,126.578891,학교
346,오현고등학교,33.5164877,126.556849,학교
347,제주고등학교,33.4727241,126.4825858,학교
348,제주과학고등학교,33.4246038,126.5270026,학교
349,제주대학교사범대학부설고등학교,33.5143007,126.5093714,학교
350,제주여자고등학교,33.4828574,126.5407326,학교
351,제주여자상업고등학교,33.5148014,126.5362992,학교
352,제주외국어고등학교,33.4335899,126.4256102,학교
353,제주제일고등학교,33.4801429,126.4792644,학교
354,제주제일고등학교부설방송통신고등학교,33.4801429,126.4792644,학교
355,제주중앙고등학교,33.4745005,126.5722434,학교
356,제주중앙여자고등학교,33.4906548,126.5396219,학교
357,중문고등학교,33.2542124,126.4472706,학교
358,표선고등학교,33.3305696,126.8276354,학교
359,한국뷰티고등학교,33.3000972,126.1815066,학교
360,한림고등학교,33.3985293,126.2572588,학교
361,한림공업고등학교,33.4072315,126.2688349,학교
362,함덕고등학교,33.5442059,126.6520501,학교
363,(구)구판장,33.329675,126.798051,정류장
364,(구)삼양검문소,33.521022,126.600034,정류장
365,(구)중앙파출소,33.247598,126.560894,정류장
366,4.3 평화공원,33.451192,126.62162,정류장
367,4.3 평화공원 입구,33.453117,126.620093,정류장
368,6호광장,33.510988,126.549231,정류장
369,911의원,33.540685,126.678082,정류장
370,GM빌라,33.466633,126.520817,정류장
371,LH 1 2단지,33.25002,126.522626,정류장
372,LH아파트,33.247249,126.522811,정류장
373,L마트,33.2643,126.560033,정류장
374,NLCS 제주,33.296438,126.285163,정류장
375,S중앙병원,33.492851,126.471671,정류장
376,가마초등학교,33.306706,126.799619,정류장
377,가물개공원,33.524662,126.584656,정류장
378,가시나물,33.471095,126.570138,정류장
379,가시농협,33.352633,126.771467,정류장
380,가시리동상동,33.353517,126.773883,정류장
381,가시리동하동,33.350253,126.773913,정류장
382,가시리사무소,33.353033,126.771517,정류장
383,가시리체육공원,33.352355,126.774914,정류장
384,가시리취락구조,33.36135,126.766867,정류장
385,가원,33.498659,126.562902,정류장
386,가흥동,33.307117,126.80675,정류장
387,각시물,33.324894,126.259085,정류장
388,갈왓,33.493317,126.456233,정류장
389,감귤단지,33.301263,126.609183,정류장
390,감귤작목반입구,33.534098,126.684592,정류장
391,감산리,33.260072,126.35693,정류장
392,감산리서동,33.257014,126.350451,정류장
393,감산입구,33.260633,126.362137,정류장
394,강구리,33.408883,126.277133,정류장
395,강다리,33.405783,126.888953,정류장
396,강정농협,33.236033,126.478267,정류장
397,강정천,33.234017,126.4876,정류장
398,강정초등학교,33.235638,126.480102,정류장
399,강창학종합경기장,33.261775,126.501463,정류장
400,개법사,33.404422,126.338236,정류장
401,개보슬사거리,33.504554,126.664963,정류장
402,거로 남쪽 입구,33.504933,126.5613,정류장
403,거로 사거리,33.506888,126.556997,정류장
404,거로 입구,33.514533,126.556533,정류장
405,거로복지회관,33.50859,126.560802,정류장
406,거로입구,33.504933,126.562263,정류장
407,거린사슴전망대,33.3076,126.454983,정류장
408,거문머들,33.256996,126.534199,정류장
409,거문오름입구,33.451575,126.7101,정류장
410,거물여,33.332267,126.8005,정류장
411,검은여입구,33.248192,126.582877,정류장
412,게이트볼장,33.494917,126.519867,정류장
413,견월교,33.424007,126.608145,정류장
414,경제통상진흥원,33.498867,126.540467,정류장
415,경흥농원,33.323016,126.738211,정류장
416,계룡동,33.53444,126.833376,정류장
417,계명동,33.485932,126.426621,정류장
418,계명동 입구,33.488031,126.426654,정류장
419,계원동,33.41005,126.333833,정류장
420,고갠드르,33.254725,126.524193,정류장
421,고근산,33.260334,126.513731,정류장
422,고내리,33.46315,126.3389,정류장
423,고내리 애월 119센터,33.466318,126.349553,정류장
424,고도농원,33.28763,126.593339,정류장
425,고래왓,33.247942,126.514688,정류장
426,고림동,33.374151,126.284755,정류장
427,고망난돌입구,33.353095,126.858679,정류장
428,고산,33.303075,126.179421,정류장
429,고산1리 육거리,33.300926,126.179185,정류장
430,고산1리(구 출장소),33.306567,126.17855,정류장
431,고산2리 전답동,33.29505,126.203967,정류장
432,고산농산물유통센터,33.298452,126.191773,정류장
433,고산우체국앞,33.3038,126.1796,정류장
434,고산환승정류장(고산1리 고산성당 앞),33.300904,126.180432,정류장
435,고산환승정류장(고산1리),33.300733,126.180436,정류장
436,고상동,33.508593,126.673213,정류장
437,고성1리,33.457844,126.412857,정류장
438,고성1리사무소,33.458453,126.415173,정류장
439,고성2리,33.436945,126.424032,정류장
440,고성리 구 성산농협,33.44798,126.914964,정류장
441,고성리 성산농협,33.446115,126.912608,정류장
442,고성리 장만이동산,33.44555,126.900477,정류장
443,고성리노인회관,33.446755,126.908654,정류장
444,고성리제주은행,33.448681,126.916004,정류장
445,고성오일시장,33.4523,126.914133,정류장
446,고성환승정류장(고성리 한국물류),33.44744,126.913789,정류장
447,고성환승정류장(고성리 회전교차로),33.447279,126.913783,정류장
448,고수동입구,33.322112,126.757056,정류장
449,고으니모르 국립제주박물관,33.51261,126.550965,정류장
450,고장낭밭,33.274484,126.600029,정류장
451,고평동,33.47445,126.6566,정류장
452,고향모루,33.236383,126.498517,정류장
453,골물동입구,33.250957,126.333971,정류장
454,공동묘지,33.511117,126.65485,정류장
455,공물,33.240433,126.516294,정류장
456,공업단지 입구,33.28351,126.590301,정류장
457,공천포,33.26545,126.640167,정류장
458,공항초소,33.513595,126.484484,정류장
459,곽지모우물,33.453189,126.308755,정류장
460,곽지해수욕장,33.448426,126.307463,정류장
461,관광단지 입구,33.256393,126.414612,정류장
462,관덕정,33.513216,126.520875,정류장
463,관동산,33.506634,126.635691,정류장
464,관음사,33.426421,126.557867,정류장
465,관음사 탐방로입구,33.422453,126.549773,정류장
466,관전동,33.488832,126.41909,정류장
467,관통사,33.326778,126.827252,정류장
468,광대왓,33.248094,126.515928,정류장
469,광령1리사무소,33.460992,126.439763,정류장
470,광령2리 사무소,33.449324,126.429122,정류장
471,광령2리입구,33.459291,126.430598,정류장
472,광령3리,33.458751,126.424448,정류장
473,광령3리사무소,33.463913,126.423271,정류장
474,광령저수지,33.472487,126.426475,정류장
475,광령초등학교,33.460705,126.436436,정류장
476,광석동,33.474455,126.408884,정류장
477,광양,33.502112,126.527961,정류장
478,광양/시민회관방면,33.502324,126.528058,정류장
479,광양사거리/터미널방면,33.500473,126.527103,정류장
480,광지동,33.276415,126.708677,정류장
481,광치기해변,33.451425,126.923367,정류장
482,광평,33.48397,126.468082,정류장
483,광평고치동산,33.483605,126.463729,정류장
484,광평교차로,33.330588,126.355009,정류장
485,광평동로,33.4823,126.470383,정류장
486,광평동로 노형성당,33.482075,126.470419,정류장
487,광평리,33.3293,126.381983,정류장
488,광평마을,33.479499,126.465042,정류장
489,교래리,33.424633,126.675683,정류장
490,교래보건진료소,33.436649,126.676689,정류장
491,교래분교,33.436408,126.679403,정류장
492,교래사거리,33.43325,126.671783,정류장
493,교래입구,33.41938,126.616785,정류장
494,교래자연 휴양림,33.44309,126.666286,정류장
495,구 삼일금고,33.249624,126.561632,정류장
496,구 시장터,33.435183,126.325033,정류장
497,구 오일시장,33.435312,126.324892,정류장
498,구 터미널,33.252018,126.560159,정류장
499,구 한경의원 앞,33.344071,126.182681,정류장
500,구몰리동,33.424733,126.315617,정류장
501,구산마을,33.483292,126.538007,정류장
502,구산마을입구,33.483907,126.536389,정류장
503,구억리,33.272375,126.278902,정류장
504,구억리 옹기체험관,33.274067,126.278685,정류장
505,구억리삼거리,33.272783,126.2794,정류장
506,구억리상동,33.278917,126.2835,정류장
507,구엄리,33.474356,126.37637,정류장
508,구좌보건지소,33.520105,126.859686,정류장
509,구좌중앙초등학교,33.551176,126.798999,정류장
510,국립기상과학원,33.258029,126.517888,정류장
511,국립제주박물관,33.512475,126.549973,정류장
512,국민건강보험공단,33.2544,126.507,정류장
513,국세공무원 교육원생활관,33.255561,126.519443,정류장
514,국토교통부 인재개발원,33.251908,126.515233,정류장
515,국학원,33.3889,126.373682,정류장
516,군모루,33.29222,126.722367,정류장
517,굴집터,33.400062,126.863076,정류장
518,굿밭거리,33.257462,126.525055,정류장
519,귀덕1리 신서동,33.42905,126.2902,정류장
520,귀덕1리신서동,33.428117,126.289033,정류장
521,귀덕2리,33.438128,126.280415,정류장
522,귀덕새마을금고,33.43974,126.282361,정류장
523,귀덕초등학교,33.441783,126.2948,정류장
524,귀일중학교,33.481209,126.405123,정류장
525,그랜드 조선 제주,33.250366,126.40992,정류장
526,그린카센터,33.316983,126.828567,정류장
527,극락사,33.456338,126.406772,정류장
528,근로복지공단,33.499833,126.544359,정류장
529,금능 블루하와이,33.381667,126.219545,정류장
530,금능농공단지,33.358994,126.243459,정류장
531,금능농공단지입구,33.362659,126.247375,정류장
532,금능리,33.387222,126.232339,정류장
533,금능석물원,33.386041,126.226282,정류장
534,금능해수욕장,33.389465,126.235648,정류장
535,금등리마을,33.361113,126.191272,정류장
536,금붕사,33.50048,126.890629,정류장
537,금빛신협,33.44655,126.3058,정류장
538,금산,33.495062,126.679968,정류장
539,금산목,33.553649,126.80527,정류장
540,금성리,33.4445,126.301433,정류장
541,금악동물병원,33.36053,126.297861,정류장
542,금악리,33.357633,126.294916,정류장
543,금악보건진료소,33.358869,126.296506,정류장
544,금악입구,33.330689,126.354144,정류장
545,금악홀못길 입구,33.366583,126.287133,정류장
546,김녕리,33.554368,126.747119,정류장
547,김녕미로공원,33.536037,126.772493,정류장
548,김녕해수욕장,33.555819,126.760293,정류장
549,김녕환승정류장(김녕초등학교),33.5549,126.751267,정류장
550,김만덕객주(시티투어),33.517155,126.532715,정류장
551,김영갑갤러리두모악,33.37202,126.856839,정류장
552,꽃동산,33.279425,126.588645,정류장
553,낙선동,33.514538,126.693409,정류장
554,낙천리,33.32606,126.227158,정류장
555,난산 동 동네,33.40216,126.875652,정류장
556,난산 앞 동산,33.401553,126.874625,정류장
557,난산리 노인복지회관,33.400978,126.874027,정류장
558,난산리사무소,33.40141,126.870708,정류장
559,난산입구,33.385831,126.880538,정류장
560,난산입구(성산기상대),33.386021,126.881731,정류장
561,남광로입구,33.492517,126.537467,정류장
562,남광초등학교,33.492928,126.537677,정류장
563,남국사,33.460496,126.54979,정류장
564,남군농협,33.2482,126.565,정류장
565,남녕고등학교,33.488046,126.483112,정류장
566,남녕마트,33.489933,126.48185,정류장
567,남문,33.252574,126.524342,정류장
568,남문동,33.396549,126.263489,정류장
569,남서광마을,33.499789,126.523759,정류장
570,남서광마을입구,33.499683,126.521267,정류장
571,남성마을,33.242625,126.554173,정류장
572,남성마을입구,33.247952,126.552236,정류장
573,남양맨션,33.255917,126.567905,정류장
574,남원2리,33.295103,126.707873,정류장
575,남원2리 복지회관,33.293224,126.709967,정류장
576,남원농협 신흥지소,33.302351,126.766958,정류장
577,남원리 월산동,33.291613,126.710687,정류장
578,남원생활체육관,33.275718,126.706344,정류장
579,남원우체국,33.277933,126.714633,정류장
580," 남원읍 충혼묘지,물영아리",33.360836,126.69166,정류장
581,남원읍사무소,33.279398,126.719745,정류장
582,남원중학교,33.280717,126.717528,정류장
583,남원취락구조,33.275155,126.7002,정류장
584,남원포구입구,33.27871,126.717774,정류장
585,남조로 사려니숲길,33.395224,126.685246,정류장
586,남조로검문소,33.469859,126.657819,정류장
587,남주동,33.484051,126.408761,정류장
588,남주중고등학교,33.274878,126.566088,정류장
589,남흘동,33.555302,126.743341,정류장
590,납읍리,33.438927,126.32898,정류장
591,납읍리 섯잣길,33.436733,126.327383,정류장
592,납읍리사무소,33.439444,126.329444,정류장
593,내도동 동마을,33.493089,126.44243,정류장
594,내도동 서마을,33.49393,126.438478,정류장
595,노루생태관찰원,33.444734,126.627326,정류장
596,노형오거리,33.486656,126.480573,정류장
597,노형오거리/노형초방면,33.485214,126.477958,정류장
598,노형오거리/이마트,33.485033,126.480133,정류장
599,노형오거리/한라병원방면,33.486674,126.480927,정류장
600,노형우체국,33.487089,126.478329,정류장
601,노형주공아파트,33.490682,126.474183,정류장
602,노형초등학교,33.483527,126.475958,정류장
603,논오름,33.274146,126.333477,정류장
604,농굴왓 입구,33.50808,126.826159,정류장
605,농기구수리센터,33.329808,126.821518,정류장
606,농업기술원,33.260817,126.48655,정류장
607,농협 하나로마트,33.446228,126.912817,정류장
608,농협보목지소,33.243233,126.5983,정류장
609,농협주유소,33.270967,126.647383,정류장
610,농협지역본부/제주평생교육장학진흥원,33.507717,126.519817,정류장
611,농협하나로마트,33.284083,126.7206,정류장
612," 다랑쉬오름 입구(남),손지오름",33.460307,126.81712,정류장
613,다호마을,33.504584,126.496256,정류장
614,다희연,33.487482,126.706327,정류장
615,달산봉 입구,33.342572,126.826615,정류장
616,달샘마을,33.474513,126.570153,정류장
617,답다니,33.258817,126.579833,정류장
618,당동,33.468563,126.383926,정류장
619,당동산,33.459899,126.433604,정류장
620,대기고등학교,33.492051,126.593536,정류장
621,대동마을,33.494455,126.463785,정류장
622,대륜동주민센터,33.248487,126.511195,정류장
623,대림2차아파트,33.479006,126.488,정류장
624,대림동,33.499197,126.755253,정류장
625,대림리사무소,33.422633,126.281467,정류장
626,대림사거리,33.42216,126.277759,정류장
627,대림아파트,33.499617,126.550233,정류장
628,대림입구,33.428598,126.272392,정류장
629,대림입전동,33.422184,126.283367,정류장
630,대림한숲빌라,33.25165,126.505983,정류장
631,대섬입구,33.535864,126.62604,정류장
632,대성동,33.293415,126.676578,정류장
633,대성동오거리,33.29325,126.676167,정류장
634,대성목장,33.430883,126.747683,정류장
635,대수동,33.239983,126.233866,정류장
636,대용소천,33.480927,126.590135,정류장
637,대원마을,33.476443,126.534743,정류장
638,대원상동,33.274958,126.669891,정류장
639,대유대림아파트,33.5024,126.5526,정류장
640,대전동,33.313918,126.700429,정류장
641,대정고등학교,33.230366,126.261869,정류장
642,대정농공단지,33.257467,126.22935,정류장
643,대정농공단지입구,33.24819,126.220397,정류장
644,대정농협,33.222333,126.252256,정류장
645,대정서초등학교,33.231783,126.238167,정류장
646,대정읍사무소,33.225917,126.251717,정류장
647,대정초교후문,33.225567,126.256383,정류장
648,대정초등학교,33.224798,126.256233,정류장
649,대천동주민센터,33.250878,126.478282,정류장
650,대천환승정류장(교래방향),33.435149,126.734546,정류장
651,대천환승정류장(세화방향),33.436169,126.736974,정류장
652,대천환승정류장(제주방향),33.43642,126.734895,정류장
653,대천환승정류장(표선방향),33.435376,126.737143,정류장
654,대평리,33.23491,126.366924,정류장
655,대평리사무소,33.238243,126.366319,정류장
656,대포동,33.242927,126.431682,정류장
657,대포포구,33.238881,126.43565,정류장
658,대포항,33.239869,126.437671,정류장
659,대학동,33.513,126.5076,정류장
660,대한목공소,33.499335,126.595259,정류장
661,대한목장,33.301496,126.614067,정류장
662,대화동,33.27275,126.6518,정류장
663,대흘1리,33.498895,126.651658,정류장
664,대흘2리,33.513348,126.671316,정류장
665,대흘2리 못동산,33.513296,126.671197,정류장
666,대흘2리 사거리,33.511967,126.67315,정류장
667,대흘2리 새동네,33.512883,126.67645,정류장
668,대흘교차로,33.468983,126.6764,정류장
669,대흘리,33.498217,126.659067,정류장
670,대흘소공원,33.500208,126.659334,정류장
671,대흘초등학교,33.498966,126.658497,정류장
672,더마파크,33.357251,126.243045,정류장
673,덕수도련동,33.265046,126.304675,정류장
674,덕수리 새마을금고,33.256724,126.304587,정류장
675,덕수리군물왓,33.250814,126.314381,정류장
676,덕수리동동,33.250535,126.308568,정류장
677,덕수초등학교,33.250533,126.304333,정류장
678,덕천보건진료소,33.503173,126.76711,정류장
679,덕천상하동,33.502886,126.764179,정류장
680,던덕모롤,33.462398,126.408385,정류장
681,도깨비공원,33.465533,126.69269,정류장
682,도두동,33.502873,126.466197,정류장
683,도두봉 동쪽,33.509306,126.473007,정류장
684,도련1동,33.509063,126.590028,정류장
685,도련1동입구,33.512633,126.588967,정류장
686,도련2동,33.512883,126.58905,정류장
687,도련반석스위트타운,33.50666,126.59107,정류장
688,도련초등학교,33.514212,126.583014,정류장
689,도리초등학교,33.501415,126.465846,정류장
690,도린동산,33.358246,126.768164,정류장
691,도림사,33.418418,126.302336,정류장
692,도순동,33.252616,126.473304,정류장
693,도영슈퍼,33.24225,126.60025,정류장
694,도영슈퍼앞,33.241983,126.60045,정류장
695,도평동,33.480128,126.451264,정류장
696,도평마을입구,33.479929,126.450884,정류장
697,도평초등학교,33.48185,126.445617,정류장
698,도호동,33.48581,126.495011,정류장
699,독벌은이 동산,33.368855,126.683625,정류장
700,돈내코,33.299697,126.584288,정류장
701,돈내코교,33.299344,126.58862,정류장
702,돈물교,33.314783,126.71425,정류장
703,돌선밭,33.454153,126.425166,정류장
704,돔뱅이왓,33.235002,126.369504,정류장
705,돗바령,33.512301,126.689689,정류장
706,돗소,33.261967,126.5352,정류장
707,동광단지,33.313878,126.359395,정류장
708,동광리,33.306367,126.338367,정류장
709,동광문화마을,33.305916,126.338154,정류장
710,동광양,33.502197,126.532223,정류장
711,동광초등학교,33.5017,126.545767,정류장
712,동광환승정류장2(영어교육도시방면),33.310338,126.339361,정류장
713,동광환승정류장3(한림방면),33.310483,126.340517,정류장
714,동광환승정류장4(제주방면),33.310443,126.340994,정류장
715,동광환승정류장5(서귀방면),33.309583,126.340833,정류장
716,동광환승정류장6(모슬포방면),33.309684,126.340253,정류장
717,동남아파트,33.249792,126.509984,정류장
718,동덕아파트,33.257621,126.560092,정류장
719,동명리,33.409239,126.265878,정류장
720,동명리 한천동,33.394648,126.274188,정류장
721,동모루,33.328089,126.716706,정류장
722,동모루왓,33.439004,126.91925,정류장
723,동문,33.257326,126.530996,정류장
724,동문로터리,33.24988,126.567762,정류장
725," 동문로터리,동문시장",33.51295,126.52795,정류장
726,동문시장(시티투어),33.514355,126.528578,정류장
727,동문정류소,33.289317,126.63025,정류장
728,동미빌딩,33.248666,126.566581,정류장
729,동백동산,33.289899,126.367614,정류장
730,동병듸,33.242692,126.463263,정류장
731,동복리,33.553,126.712711,정류장
732,동복리관광체험어장,33.553335,126.716543,정류장
733,동복리휴게소,33.553367,126.707948,정류장
734,동부보건소,33.275111,126.702711,정류장
735,동부위생처리장 입구,33.436315,126.695387,정류장
736,동사라마을,33.467917,126.449021,정류장
737,동산교,33.500286,126.510265,정류장
738,동상동,33.361328,126.77027,정류장
739,동상동삼거리,33.356265,126.773558,정류장
740,동상효,33.279967,126.607167,정류장
741,동성동,33.555959,126.755449,정류장
742,동성마을,33.500045,126.511035,정류장
743,동성마을 입구,33.4932,126.507533,정류장
744,동수동,33.5175,126.622417,정류장
745,동원산업,33.312218,126.82191,정류장
746,동일1리,33.228183,126.243067,정류장
747,동일2리,33.25765,126.23675,정류장
748,동일2리입구,33.260417,126.234033,정류장
749,동하동,33.347357,126.77732,정류장
750,동홍 사거리,33.254496,126.56831,정류장
751,동홍대림,33.255733,126.572117,정류장
752,동홍반석아파트입구,33.262687,126.56774,정류장
753,동홍분식,33.266717,126.56835,정류장
754,동홍청소년문화의집,33.265883,126.568717,정류장
755,동홍초등학교,33.259262,126.569173,정류장
756,동홍초등학교 입구,33.258572,126.568116,정류장
757,동홍초등학교입구,33.258877,126.568483,정류장
758,두모리사무소,33.353968,126.185335,정류장
759,두수동,33.351396,126.763266,정류장
760,두인빌라 삼거리,33.424067,126.404092,정류장
761,뒤큰글,33.275865,126.604172,정류장
762,뒤통모루,33.275267,126.667067,정류장
763,뒷동산,33.236667,126.510683,정류장
764,뒷빌레,33.27391,126.589792,정류장
765,뒷산길,33.492749,126.650613,정류장
766,디삘레,33.331189,126.710928,정류장
767,디지털융합센터,33.451061,126.571498,정류장
768,라마다 프라자 제주호텔,33.518383,126.518557,정류장
769,라신동,33.435267,126.277833,정류장
770,라임오렌지빌,33.246865,126.587009,정류장
771,렛츠런파크,33.410417,126.393433,정류장
772,롯데마트,33.4819,126.482183,정류장
773,리틀프린스뮤지엄,33.250183,126.413433,정류장
774,막거리,33.427428,126.401398,정류장
775,막상올레,33.325826,126.833915,정류장
776,만장굴,33.530981,126.771879,정류장
777,만장굴입구,33.549682,126.778918,정류장
778,만지동,33.29325,126.62675,정류장
779,망장포 입구,33.26415,126.633917,정류장
780,매촌,33.517967,126.588567,정류장
781,먼나먼루,33.487933,126.6501,정류장
782,멍중내,33.511235,126.686302,정류장
783,메이즈랜드,33.49068,126.798325,정류장
784,메종글래드 제주,33.48608,126.486901,정류장
785,명도암,33.473858,126.609873,정류장
786,명도암 마을회관,33.470992,126.61086,정류장
787,명도암입구,33.484652,126.603866,정류장
788,명리동,33.319333,126.268033,정류장
789,명리동알동네,33.316908,126.268165,정류장
790,명신마을,33.499623,126.503028,정류장
791,명월리,33.38705,126.266467,정류장
792,명월하동,33.397267,126.259817,정류장
793,명주주택,33.49567,126.493758,정류장
794,모감동,33.475928,126.380954,정류장
795,모슬포우체국,33.222554,126.255195,정류장
796,모슬포항,33.217541,126.252397,정류장
797,목선동,33.4897,126.71815,정류장
798,몰래물,33.510527,126.482177,정류장
799,못가름,33.488432,126.476785,정류장
800,못거리,33.392583,126.277859,정류장
801,무도동,33.284796,126.74089,정류장
802,무릉1리 리사무소앞,33.2703,126.2031,정류장
803,무릉1리 사거리,33.270522,126.203312,정류장
804,무릉1리 학교앞,33.271437,126.201818,정류장
805,무릉2리 소공원,33.272337,126.245583,정류장
806,무릉문화의 집,33.272433,126.199483,정류장
807,무수천,33.461064,126.448586,정류장
808,묵은길입구,33.250436,126.488491,정류장
809,문수동,33.385496,126.283401,정류장
810,물진밭입구,33.371,126.861583,정류장
811,미듬아파트,33.4187,126.268833,정류장
812,미래컨벤션센터,33.506607,126.514827,정류장
813,미와미못 앞,33.376373,126.843233,정류장
814,미타요양원,33.446678,126.852218,정류장
815,민오름,33.481423,126.501679,정류장
816,바가잣도,33.261262,126.527431,정류장
817,바겟도동산,33.336912,126.708226,정류장
818,바스메,33.405812,126.778422,정류장
819,반석아르미아파트,33.262513,126.567401,정류장
820,반석아파트,33.48795,126.590267,정류장
821,반석주택,33.48765,126.589812,정류장
822,반참모르,33.250189,126.502147,정류장
823,밤나무골,33.501258,126.594599,정류장
824,방구동,33.30699,126.763228,정류장
825,방림원,33.33703,126.267318,정류장
826,방선문빌리지,33.477663,126.536804,정류장
827,방아동,33.279739,126.175051,정류장
828,방애왓,33.481234,126.605254,정류장
829,방어축제의거리 입구,33.22129,126.251923,정류장
830,백구동네,33.256315,126.42595,정류장
831,백구빌라입구,33.254617,126.42465,정류장
832,백화동,33.466833,126.710424,정류장
833,번대동,33.478888,126.391576,정류장
834,벌탬못,33.507676,126.771832,정류장
835,법정사입구,33.302439,126.458218,정류장
836,법호촌 온성학교,33.291861,126.594485,정류장
837,법호촌입구,33.290078,126.593861,정류장
838,법환새마을금고,33.238437,126.513983,정류장
839,법환우체국,33.237209,126.512098,정류장
840,법환초등학교,33.236534,126.508156,정류장
841,벼락동산,33.24781,126.392461,정류장
842,별내린전망대,33.247229,126.416862,정류장
843,별빛누리공원/난타공연장,33.445312,126.548475,정류장
844,병디왓,33.530197,126.644643,정류장
845,병문교,33.508833,126.518317,정류장
846,보건소,33.491084,126.519573,정류장
847,보로미마을,33.465448,126.409355,정류장
848,보목신협,33.241661,126.601991,정류장
849,보목신협앞,33.241567,126.601994,정류장
850,보목입구,33.258717,126.591583,정류장
851,보목하수처리장입구,33.244363,126.594039,정류장
852,보성리 대정농협,33.247769,126.276657,정류장
853,보성리상동,33.250804,126.274334,정류장
854,보성리하동,33.250679,126.274566,정류장
855,보성상동,33.252463,126.27336,정류장
856,보성시장,33.503421,126.527265,정류장
857,보성초등학교,33.2498,126.277142,정류장
858,복호동입구,33.33649,126.196602,정류장
859,봉개교,33.497709,126.579737,정류장
860,봉개남문,33.490424,126.590783,정류장
861,봉개동,33.491539,126.592756,정류장
862,봉개동 큰동네,33.489488,126.596282,정류장
863,봉개동주민센터,33.490733,126.59445,정류장
864,봉개사우나,33.486397,126.601473,정류장
865,봉개체육공원,33.484283,126.611583,정류장
866,봉성리사무소,33.42219,126.312703,정류장
867,봉성리서성동,33.41721,126.310722,정류장
868,봉소동,33.50963,126.659011,정류장
869,부록마을,33.501848,126.568755,정류장
870,부면동,33.416033,126.332667,정류장
871,부민장례식장,33.48076,126.522414,정류장
872,부영아파트,33.4769,126.483133,정류장
873,북촌다려마을,33.551067,126.700217,정류장
874,북촌리,33.548117,126.695033,정류장
875,북촌리해동,33.54432,126.685466,정류장
876,불미거동산,33.317692,126.744996,정류장
877,불미공방,33.253494,126.304332,정류장
878,불미터,33.319216,126.71465,정류장
879,브랭섬 홀 아시아,33.291888,126.2848,정류장
880,블룸호텔/한국관광공사,33.2502,126.408433,정류장
881,비석거리1,33.255783,126.57745,정류장
882,비석거리2,33.256133,126.577517,정류장
883,비석거리3,33.254895,126.576187,정류장
884,비석거리4,33.254732,126.575859,정류장
885,비석거리5,33.254267,126.576717,정류장
886,비석거리6,33.254959,126.578246,정류장
887,비석동,33.488383,126.4179,정류장
888,비안동,33.282109,126.72055,정류장
889,비자림,33.493345,126.810428,정류장
890,비자림로 교래입구,33.419136,126.617165,정류장
891,사가동,33.290083,126.62735,정류장
892,사거리,33.244752,126.432179,정류장
893,사계리동동,33.234887,126.308227,정류장
894,사계리사무소,33.231613,126.298042,정류장
895,사계리서동,33.230894,126.293418,정류장
896,사계어촌체험어장,33.227946,126.304759,정류장
897,사계용해경로당,33.230811,126.30849,정류장
898,사농동산,33.344225,126.703193,정류장
899,사동복지회관,33.442206,126.290054,정류장
900,사라마을,33.469863,126.440017,정류장
901,사라봉,33.513164,126.54285,정류장
902,사라봉(산등지대/시티투어),33.518132,126.539851,정류장
903,사라봉경로당입구,33.515592,126.538307,정류장
904,사라봉오거리,33.513667,126.54045,정류장
905,사려니숲길,33.423043,126.626443,정류장
906,사리물,33.350218,126.698586,정류장
907,사평마을,33.492648,126.512148,정류장
908,사평마을입구,33.481347,126.511271,정류장
909,사회복지법인 춘강,33.452653,126.551249,정류장
910,산굼부리,33.435367,126.688847,정류장
911,산남내,33.471061,126.775878,정류장
912,산남새마을금고,33.254917,126.573783,정류장
913,산방복지회관,33.233288,126.301921,정류장
914,산방산,33.236847,126.310369,정류장
915,산앗도,33.495236,126.636748,정류장
916,산양 큰엉곶 입구,33.290717,126.25085,정류장
917,산양리,33.295755,126.233984,정류장
918,산양리 알동네,33.292425,126.232173,정류장
919,산양리감귤선과장,33.303007,126.237762,정류장
920,산열이통입구,33.307519,126.781434,정류장
921,산이굴,33.443956,126.431634,정류장
922,산이수동,33.208467,126.29025,정류장
923,산전동,33.345681,126.255388,정류장
924,산지물,33.265184,126.564633,정류장
925,산지변전소,33.516924,126.532616,정류장
926,산천단 한국폴리텍대학,33.447993,126.555583,정류장
927,산하동,33.304667,126.71895,정류장
928,삼남내,33.470623,126.776108,정류장
929,삼달1리,33.373987,126.843173,정류장
930,삼달1리 구보건진료소,33.373133,126.852233,정류장
931,삼달1리사무소,33.374365,126.847055,정류장
932,삼달1리삼거리,33.371196,126.841357,정류장
933,삼달2리사무소,33.369157,126.867843,정류장
934,삼달교차로,33.36868,126.868249,정류장
935,삼담우체국,33.502527,126.513035,정류장
936,삼도119센터,33.514488,126.517778,정류장
937,삼도1동 주민센터,33.503183,126.519717,정류장
938,삼매봉,33.244703,126.543539,정류장
939,삼매봉도서관,33.24557,126.553639,정류장
940,삼매봉입구,33.244916,126.543806,정류장
941,삼무공원사거리/롯데시티호텔,33.490016,126.488528,정류장
942,삼부장미아파트 입구,33.527439,126.590022,정류장
943,삼성여자고등학교,33.257667,126.586567,정류장
944,삼성초등학교,33.504099,126.526639,정류장
945,삼아아파트,33.251896,126.574417,정류장
946,삼양1동,33.527633,126.59,정류장
947,삼양2동,33.521183,126.580417,정류장
948,삼양3동,33.525098,126.579518,정류장
949,삼양3동포구,33.527168,126.576243,정류장
950,삼양동주민센터,33.521277,126.585672,정류장
951,삼양종점,33.528522,126.591313,정류장
952,삼양초등학교,33.521127,126.586113,정류장
953,삼양해수욕장입구,33.526181,126.587864,정류장
954,삼정지에듀,33.284815,126.278498,정류장
955,삼주연립주택,33.25025,126.51035,정류장
956,삼화부영1차아파트,33.517172,126.587684,정류장
957,삼화부영2차아파트,33.5124,126.573117,정류장
958,삼화지구,33.517432,126.578862,정류장
959,삼화초등학교,33.514186,126.576734,정류장
960,상가리,33.451743,126.341889,정류장
961,상가리 동동,33.452083,126.347283,정류장
962,상가리보건진료소,33.452013,126.34428,정류장
963,상가리서동,33.450467,126.340695,정류장
964,상대리,33.407683,126.2935,정류장
965,상덕천,33.483698,126.746633,정류장
966,상덕천리,33.481117,126.751731,정류장
967,상덕천마을입구,33.483665,126.746922,정류장
968,상도리 세화고등학교,33.516436,126.863559,정류장
969,상도마을회관,33.514726,126.865563,정류장
970,상명리,33.357033,126.2792,정류장
971,상모,33.2247,126.265795,정류장
972,상모2리,33.223183,126.2578,정류장
973,상모3리,33.223117,126.258117,정류장
974,상모리 대동,33.224154,126.262255,정류장
975,상모리 이교동,33.2254,126.267167,정류장
976,상수동,33.256255,126.335247,정류장
977,상예2동,33.264167,126.377167,정류장
978,상예입구,33.2578,126.404483,정류장
979,상원동,33.275048,126.663532,정류장
980,상위미,33.288566,126.6545,정류장
981,상창리사무소,33.272665,126.36505,정류장
982,상창보건진료소,33.274583,126.3628,정류장
983,상천리,33.307754,126.381236,정류장
984,상천리사무소,33.307247,126.38,정류장
985,상하수도본부,33.499318,126.650149,정류장
986,상효입구,33.259648,126.595047,정류장
987,새가름마을,33.5047,126.62845,정류장
988,새마을금고연수원,33.412854,126.397169,정류장
989,새소망요양병원,33.27867,126.361388,정류장
990,샛기정공원,33.246133,126.559567,정류장
991,생각하는정원,33.326001,126.255259,정류장
992,서건도입구,33.235839,126.503317,정류장
993,서광동리 소랑못,33.285963,126.331435,정류장
994,서광동리 웃네거리,33.294624,126.33048,정류장
995,서광동리마을,33.286928,126.328733,정류장
996,서광리,33.289055,126.324948,정류장
997,서광리 넙게오름(축협),33.290173,126.31852,정류장
998,서광서리,33.286183,126.302733,정류장
999,서광서리사수동,33.287967,126.307033,정류장
1000,서광서보건진료소,33.2836,126.29855,정류장
1001,서귀북초등학교,33.26095,126.558967,정류장
1002,서귀중앙여자중학교,33.254967,126.56055,정류장
1003,서귀포 YWCA,33.244572,126.565292,정류장
1004,서귀포경찰서,33.256371,126.507609,정류장
1005,서귀포고등학교,33.257599,126.560435,정류장
1006,서귀포농업기술센터,33.287317,126.606933,정류장
1007,서귀포농협,33.251533,126.56115,정류장
1008,서귀포보건소,33.252126,126.554653,정류장
1009,서귀포산업과학고등학교,33.295975,126.595574,정류장
1010,서귀포시 구 버스터미널,33.251891,126.560303,정류장
1011,서귀포시 중앙도서관,33.251874,126.507687,정류장
1012,서귀포시중앙도서관,33.251667,126.507733,정류장
1013,서귀포여자고등학교,33.244382,126.53168,정류장
1014,서귀포여자중학교,33.254293,126.547026,정류장
1015,서귀포우체국 서귀포시청 제2청사,33.255073,126.510068,정류장
1016,서귀포자연휴양림,33.312017,126.457517,정류장
1017,서귀포중학교,33.24765,126.568752,정류장
1018,서귀포천문 과학문화관,33.288017,126.457217,정류장
1019,서귀포초등학교,33.243155,126.565071,정류장
1020,서귀포칼호텔,33.246945,126.581489,정류장
1021,서귀포칼호텔(종점),33.247007,126.580781,정류장
1022,서귀포항,33.239783,126.563933,정류장
1023,서귀포향토오일시장,33.265644,126.573988,정류장
1024,서귀포환승정류장(서귀포등기소),33.253143,126.560147,정류장
1025,서문로터리입구,33.247267,126.55635,정류장
1026,서문사거리,33.511629,126.519368,정류장
1027,서문시장,33.512033,126.51845,정류장
1028,서복전시관,33.24519,126.57018,정류장
1029,서부경찰서,33.472783,126.406717,정류장
1030,서부농업기술센터,33.35241,126.247491,정류장
1031,서부신협 유통영농조합,33.335566,126.261145,정류장
1032,서상효,33.272883,126.597033,정류장
1033,서성동,33.272456,126.650322,정류장
1034,서소동,33.283664,126.736052,정류장
1035,서의동,33.3009,126.704483,정류장
1036,서진아파트,33.253342,126.463913,정류장
1037,서해아파트,33.504883,126.541533,정류장
1038,서해안로,33.51993,126.493662,정류장
1039,서호동마을회관,33.257291,126.522794,정류장
1040,서호북문,33.261133,126.523017,정류장
1041,서호새마을금고,33.257271,126.52292,정류장
1042,서호입구,33.24764,126.524392,정류장
1043,서호초등학교,33.254283,126.528225,정류장
1044,서홍동복지회관,33.263667,126.551317,정류장
1045,서홍새마을금고,33.26424,126.557965,정류장
1046,석교동,33.310482,126.349182,정류장
1047,석수동,33.320617,126.7548,정류장
1048,선덕어린이집,33.481005,126.512478,정류장
1049,선린지,33.493307,126.715558,정류장
1050,선진동,33.45753,126.70321,정류장
1051,선흘,33.511567,126.705233,정류장
1052,선흘1리,33.511683,126.705117,정류장
1053,선흘2리/양잠단지,33.45835,126.711533,정류장
1054,선흘2리입구,33.458416,126.701429,정류장
1055,섭지코지,33.436788,126.922444,정류장
1056,섯가름,33.237028,126.475823,정류장
1057,성로동,33.434,126.29585,정류장
1058,성박물관,33.255622,126.344783,정류장
1059,성산고등학교,33.468583,126.916783,정류장
1060,성산고입구삼거리,33.4657,126.908417,정류장
1061,성산국민체육센터,33.468722,126.905793,정류장
1062,성산기상대관사,33.384126,126.869,정류장
1063,성산농협,33.446907,126.911268,정류장
1064,성산농협종합유통센터,33.425817,126.906867,정류장
1065,성산리,33.465157,126.935159,정류장
1066,성산리 취락구조,33.466033,126.934898,정류장
1067,성산리입구,33.460667,126.931317,정류장
1068,성산읍공설묘지입구,33.433759,126.817895,정류장
1069,성산읍사무소,33.440967,126.9111,정류장
1070,성산일출봉입구,33.463767,126.933767,정류장
1071,성산포 수협,33.448883,126.916445,정류장
1072,성산포수협표선지점,33.324073,126.831656,정류장
1073,성산하이츠빌라,33.250116,126.504796,정류장
1074,성산항,33.470427,126.92994,정류장
1075,성산항입구,33.4682,126.92955,정류장
1076,성수동,33.480952,126.412802,정류장
1077,성연목장,33.422552,126.756976,정류장
1078,성읍 신문화마을,33.392983,126.798208,정류장
1079,성읍 황통지,33.399462,126.78723,정류장
1080,성읍2리,33.410117,126.769872,정류장
1081,성읍노인회관 앞,33.390472,126.801002,정류장
1082,성읍삼거리,33.392082,126.800262,정류장
1083,성읍서문거리,33.386515,126.79911,정류장
1084,성읍초등학교 앞,33.3837,126.7997,정류장
1085,성전동,33.341113,126.257254,정류장
1086,성지요양원,33.483421,126.437609,정류장
1087,성판악,33.384634,126.620353,정류장
1088,성화마을/제주출입국·외국인청,33.512266,126.502793,정류장
1089,세기아파트,33.493356,126.501497,정류장
1090,세미마을,33.469854,126.664625,정류장
1091,세성로 입구,33.378663,126.802106,정류장
1092,세천동,33.275245,126.674707,정류장
1093,세화1리 마을회관,33.33165,126.798383,정류장
1094,세화1리 북문,33.333308,126.79529,정류장
1095,세화1리취락구조,33.327797,126.798137,정류장
1096,세화2리사무소,33.306817,126.804917,정류장
1097,세화고등학교,33.516769,126.862961,정류장
1098,세화리구좌농협,33.520906,126.85994,정류장
1099,세화리시장2동,33.523596,126.853703,정류장
1100,세화환승정류장(세화리),33.52322,126.856645,정류장
1101,셰프라인 월드,33.434891,126.732426,정류장
1102,소길리,33.441211,126.379143,정류장
1103,소길리사무소,33.439955,126.379747,정류장
1104,소길장밭,33.442398,126.384446,정류장
1105,소노캄 제주,33.306724,126.794142,정류장
1106,소보리당입구,33.264191,126.38201,정류장
1107,소앵동 입구,33.469451,126.408288,정류장
1108,속도르,33.252961,126.469829,정류장
1109,솔대왓,33.264067,126.555467,정류장
1110,솔동산입구,33.244744,126.563681,정류장
1111,송당로타리,33.471567,126.783967,정류장
1112,송당물혹,33.47088,126.786524,정류장
1113,송당상동,33.467217,126.773117,정류장
1114,송당초등학교,33.471836,126.779235,정류장
1115,송산동주민센터,33.24445,126.56516,정류장
1116,송악도서관,33.225729,126.24824,정류장
1117,송악펜션단지,33.212295,126.292352,정류장
1118,수농원,33.303232,126.770509,정류장
1119,수룡동,33.308233,126.238533,정류장
1120,수망사거리,33.328083,126.712398,정류장
1121,수모루,33.246046,126.524423,정류장
1122,수산1리 노인회관,33.446637,126.882785,정류장
1123,수산1리 비석거리,33.443386,126.888939,정류장
1124,수산1리 사거리,33.442254,126.884038,정류장
1125,수산2리,33.439625,126.864748,정류장
1126,수산2리 비석거리,33.4396,126.865068,정류장
1127,수산2리 생태체험센터,33.439251,126.863075,정류장
1128,수산2리 입구,33.438916,126.873842,정류장
1129,수산2리 퐁낭거리,33.441032,126.861684,정류장
1130,수산2리사무소,33.441904,126.863948,정류장
1131,수산교차로,33.471114,126.396038,정류장
1132,수산리,33.469949,126.394535,정류장
1133,수산리사무소앞,33.467944,126.393387,정류장
1134,수산저수지입구,33.473239,126.390493,정류장
1135,수악교,33.337375,126.61097,정류장
1136,수원리,33.42614,126.26994,정류장
1137,수원주유소,33.423708,126.266508,정류장
1138,수정동,33.492638,126.428591,정류장
1139,수협제주도지회,33.4897,126.495217,정류장
1140,숨비나리,33.2839,126.35415,정류장
1141,승준농원,33.448447,126.406224,정류장
1142,시각장애인복지관,33.470462,126.580995,정류장
1143,시민회관,33.507331,126.524706,정류장
1144,시청후문,33.25675,126.510783,정류장
1145,시티주유소,33.476401,126.479759,정류장
1146,시흥리,33.476633,126.896317,정류장
1147,시흥리사무소,33.47335,126.898983,정류장
1148,신광 사거리,33.493843,126.493332,정류장
1149,신광사거리,33.49365,126.493183,정류장
1150,신도1리,33.278407,126.191331,정류장
1151,신도3리,33.285853,126.185884,정류장
1152,신례2리교차로,33.267021,126.642944,정류장
1153,신례교,33.293517,126.624617,정류장
1154,신례초등학교,33.283931,126.633265,정류장
1155,신례하동,33.280498,126.635156,정류장
1156,신명동,33.38875,126.280817,정류장
1157,신비마을,33.445943,126.480341,정류장
1158,신사동,33.534836,126.675754,정류장
1159,신사동(종점),33.525321,126.677918,정류장
1160,신사수동,33.508741,126.477511,정류장
1161,신산리,33.383317,126.877667,정류장
1162,신산마을,33.493524,126.444446,정류장
1163,신산마을입구,33.479222,126.45885,정류장
1164,신산머루,33.449806,126.437577,정류장
1165,신산환승정류장(성산농협신산지점),33.380338,126.876182,정류장
1166,신선동,33.512217,126.69925,정류장
1167,신설동,33.497883,126.546617,정류장
1168,신성동,33.274797,126.695099,정류장
1169,신성마을,33.493835,126.488521,정류장
1170,신세계빌라,33.239583,126.515017,정류장
1171,신시가지,33.258335,126.510259,정류장
1172,신안동,33.514998,126.635035,정류장
1173,신안동 교차로,33.519121,126.633987,정류장
1174,신양리,33.435807,126.916318,정류장
1175,신양리입구,33.444806,126.91354,정류장
1176,신양입구,33.444815,126.913389,정류장
1177,신엄리,33.471833,126.368207,정류장
1178,신연동,33.316082,126.249655,정류장
1179,신제주오피스텔,33.4833,126.489717,정류장
1180,신제주초등학교,33.485047,126.496321,정류장
1181,신창리 농산물종합유통센터,33.34664,126.190923,정류장
1182,신창리 하나로마트 한경농협,33.346931,126.189984,정류장
1183,신창리한경수협,33.347611,126.182788,정류장
1184,신창상동,33.348383,126.187333,정류장
1185,신창중학교,33.347374,126.182709,정류장
1186,신창환승정류장(한경면사무소),33.350531,126.183346,정류장
1187,신천동,33.503926,126.549588,정류장
1188,신천리,33.344884,126.849786,정류장
1189,신천리취락구조,33.34805,126.853633,정류장
1190,신촌리,33.534393,126.621555,정류장
1191,신촌초등학교,33.53275,126.618767,정류장
1192,신평리,33.265118,126.258805,정류장
1193,신평리 상동,33.26815,126.262333,정류장
1194,신풍리 화단이소,33.358501,126.837102,정류장
1195,신풍리사거리,33.364242,126.835342,정류장
1196,신풍리하동,33.362567,126.865117,정류장
1197,신풍입구,33.36105,126.820449,정류장
1198,신협,33.264204,126.613243,정류장
1199,신효동,33.26361,126.610119,정류장
1200,신흥1리사무소,33.304994,126.766081,정류장
1201,신흥1번지,33.306144,126.773948,정류장
1202,신흥2리,33.315747,126.748717,정류장
1203,신흥2리 보건진료소,33.3197,126.747946,정류장
1204,신흥2리사무소,33.321591,126.745363,정류장
1205,신흥교,33.313914,126.750914,정류장
1206,신흥교차로,33.300725,126.766992,정류장
1207,신흥농장,33.311971,126.754373,정류장
1208,신흥동,33.33863,126.26416,정류장
1209," 신흥리(마을입구),함덕고등학교",33.543415,126.653501,정류장
1210,신흥리취락구조,33.298593,126.764908,정류장
1211,씨 에스호텔,33.24385,126.420333,정류장
1212,씨사이드홈,33.280524,126.72421,정류장
1213,아라동주민센터,33.4759,126.5449,정류장
1214,아라주공아파트/아라스위첸아파트,33.473079,126.545689,정류장
1215,아라초등학교,33.47748,126.544696,정류장
1216,아르미아파트,33.496037,126.594469,정류장
1217,아름마을아파트,33.484127,126.428345,정류장
1218,아시아CGI애니메이션센터,33.25235,126.567617,정류장
1219,아이뜨락공원,33.264117,126.553433,정류장
1220,안국사,33.468603,126.611192,정류장
1221,안남동,33.482514,126.406622,정류장
1222,안덕119센터,33.250611,126.328899,정류장
1223,안덕계곡,33.258162,126.35336,정류장
1224,안덕면사무소,33.257314,126.330035,정류장
1225,안덕초등학교,33.249047,126.335881,정류장
1226,안성리,33.249394,126.281952,정류장
1227,안성리가스충전소,33.251022,126.283699,정류장
1228,안성리사무소앞,33.249335,126.281276,정류장
1229,안성리새동네,33.250846,126.283469,정류장
1230,알밤오름,33.496783,126.712698,정류장
1231,알송당,33.48375,126.787237,정류장
1232,알진오름입구,33.477243,126.784173,정류장
1233,앞거리,33.257687,126.426545,정류장
1234,앞동산,33.263767,126.61425,정류장
1235,앞밭가름,33.44273,126.401666,정류장
1236,애월 119센터,33.466244,126.348733,정류장
1237,애월고등학교,33.462595,126.334567,정류장
1238,애월리,33.464392,126.320686,정류장
1239,애월신협,33.464162,126.320998,정류장
1240,애월읍사무소,33.462606,126.330349,정류장
1241,애월중학교,33.463533,126.324159,정류장
1242,애월하나로마트,33.460081,126.3213,정류장
1243,애조로 광령1리입구,33.472132,126.434167,정류장
1244,약천사,33.242896,126.450836,정류장
1245,양가왓,33.264209,126.555599,정류장
1246,양돈단지,33.360283,126.3083,정류장
1247,양잠단지,33.4588,126.702917,정류장
1248,양지(추모)공원,33.438483,126.5764,정류장
1249,양천상동,33.515783,126.64855,정류장
1250,어대오름,33.501052,126.761005,정류장
1251,어두모루,33.251624,126.438537,정류장
1252,어리목,33.390355,126.48531,정류장
1253,어리목입구,33.390217,126.485333,정류장
1254,어영마을,33.518615,126.488922,정류장
1255,어영해안도로(시티투어),33.519619,126.492674,정류장
1256,어음1리사무소,33.417499,126.330624,정류장
1257,어음1리입구,33.418377,126.326648,정류장
1258,어음2리,33.402472,126.338431,정류장
1259,어음2리사무소,33.401218,126.336629,정류장
1260,어음2리입구,33.380255,126.370481,정류장
1261,어촌계입구,33.288294,126.749002,정류장
1262,억수동,33.52673,126.686717,정류장
1263,엘리시안CC,33.380167,126.371417,정류장
1264,여의물,33.244884,126.538454,정류장
1265,역지동,33.346888,126.783568,정류장
1266,연대마을,33.491743,126.42325,정류장
1267,연동365의원/한국건강관리협회,33.481758,126.491201,정류장
1268,연동대림1차아파트,33.480284,126.489753,정류장
1269,연동입구,33.495231,126.496991,정류장
1270,연동주민센터,33.487317,126.496617,정류장
1271,연미마을,33.486857,126.507093,정류장
1272,연미마을 입구,33.492983,126.5075,정류장
1273,연미마을회관,33.486655,126.504807,정류장
1274,연미입구,33.487623,126.508382,정류장
1275,연수마을,33.501631,126.543366,정류장
1276,열린병원,33.25387,126.564674,정류장
1277,염돈,33.2499,126.494783,정류장
1278,염돈동,33.250117,126.49405,정류장
1279,영등물,33.555522,126.736131,정류장
1280,영락리,33.257907,126.210009,정류장
1281,영락사통,33.260603,126.207769,정류장
1282,영실매표소,33.340251,126.48022,정류장
1283,영실입구,33.333039,126.459592,정류장
1284,영주고등학교,33.457124,126.577754,정류장
1285,영천동주민센터,33.268881,126.587131,정류장
1286,영평동,33.479182,126.563476,정류장
1287,영평상동마을회관,33.476663,126.568226,정류장
1288,영평하동,33.48694,126.573319,정류장
1289,예래동가동거리,33.245371,126.387888,정류장
1290,예래동주민센터,33.253767,126.397717,정류장
1291,예래입구,33.258694,126.404644,정류장
1292,예래초등학교,33.246558,126.391097,정류장
1293,예래헬스사우나,33.264187,126.385013,정류장
1294,예비군훈련장,33.47535,126.5017,정류장
1295,예원동,33.456102,126.403353,정류장
1296,예원동민회관 앞,33.458989,126.399334,정류장
1297,예향원,33.353041,126.258867,정류장
1298,오광로,33.485253,126.461001,정류장
1299,오광로입구,33.49531,126.456364,정류장
1300,오당빌레,33.45352,126.353524,정류장
1301,오도마을,33.491073,126.457375,정류장
1302,오등동,33.475142,126.529413,정류장
1303,오라1동,33.492629,126.516216,정류장
1304,오라3동,33.49925,126.503183,정류장
1305,오라동 주민센터,33.496283,126.512633,정류장
1306,오라동주민센터,33.495198,126.512588,정류장
1307,오라오거리,33.500033,126.50465,정류장
1308,오라초등학교,33.489079,126.512381,정류장
1309,오래물광장,33.504864,126.467222,정류장
1310,오렌지빌라,33.259148,126.569095,정류장
1311,오름가름,33.47169,126.508162,정류장
1312,오름중학교,33.517293,126.585824,정류장
1313,오봉교,33.474658,126.526358,정류장
1314,오설록,33.305222,126.290465,정류장
1315,오션팰리스호텔,33.246031,126.561872,정류장
1316,오조리,33.467117,126.91305,정류장
1317,오조리 입구,33.467136,126.913483,정류장
1318,오조리상동입구,33.462818,126.910286,정류장
1319,오조리하동,33.458533,126.91225,정류장
1320,오조해녀의집,33.4687,126.922317,정류장
1321,오족돌,33.256517,126.432183,정류장
1322,오현중고등학교,33.515183,126.557067,정류장
1323,오희준 공원,33.266183,126.5852,정류장
1324,온평리,33.404321,126.896555,정류장
1325,온평초등학교,33.408283,126.89775,정류장
1326,올리수,33.324831,126.713723,정류장
1327,옹포리,33.403324,126.252161,정류장
1328,옹포사거리,33.40585,126.256117,정류장
1329,와산리,33.491106,126.678281,정류장
1330,와산리경로당,33.492869,126.681091,정류장
1331,와산삼거리,33.491287,126.682259,정류장
1332,와흘,33.503082,126.635059,정류장
1333,와흘리,33.50455,126.636083,정류장
1334,외도부영 1차 아파트,33.48635,126.430967,정류장
1335,외도부영 1차아파트,33.486746,126.430827,정류장
1336,외도부영 2차 아파트,33.484875,126.430736,정류장
1337,외도초등학교,33.493416,126.433207,정류장
1338,용강동퐁낭밭,33.471183,126.584054,정류장
1339,용강마을,33.475703,126.585532,정류장
1340,용담1동주민센터,33.509733,126.513233,정류장
1341,용담레포츠공원,33.518001,126.499884,정류장
1342,용담사거리,33.510917,126.513867,정류장
1343,용담새마을금고,33.509583,126.515267,정류장
1344,용담어린이집,33.511717,126.505482,정류장
1345,용당,33.255227,126.540076,정류장
1346,용당리,33.333286,126.181777,정류장
1347,용마마을회관,33.515218,126.50258,정류장
1348,용문마을,33.50765,126.509417,정류장
1349,용문마을회관,33.50565,126.50825,정류장
1350,용문사거리,33.508808,126.510051,정류장
1351,용수리,33.321014,126.178543,정류장
1352,용수리마을회관,33.325288,126.168835,정류장
1353,용수리충혼묘지,33.320864,126.178125,정류장
1354,용연구름다리(시티투어),33.514841,126.516355,정류장
1355,용운동,33.432267,126.275967,정류장
1356,용천마을,33.499916,126.521348,정류장
1357,용천사입구,33.261317,126.5302,정류장
1358,용흥동,33.250454,126.482506,정류장
1359,용흥리,33.451714,126.369594,정류장
1360,용흥리 상동,33.456029,126.370021,정류장
1361,용흥리 하동,33.461911,126.368582,정류장
1362,용흥리마을회관,33.458945,126.369589,정류장
1363,우남동,33.264316,126.390889,정류장
1364,우당도서관,33.512309,126.548153,정류장
1365,우당도서관 입구,33.51262,126.545174,정류장
1366,우령마을입구,33.488467,126.430986,정류장
1367,우령서로입구,33.491794,126.426207,정류장
1368,우령이 마을,33.4885,126.4308,정류장
1369,우진교차로,33.460079,126.699196,정류장
1370,운전면허시험장,33.40645,126.3862,정류장
1371,웃 인다 마을,33.46446,126.549248,정류장
1372,웃가름,33.509275,126.707011,정류장
1373,웃거리,33.43984,126.403067,정류장
1374,웃드르빛센터,33.302443,126.258748,정류장
1375,웃송당,33.471293,126.77146,정류장
1376,원노형,33.486177,126.483189,정류장
1377,원노형마을,33.483446,126.480758,정류장
1378,원님교차로,33.305475,126.700333,정류장
1379,원당봉,33.521659,126.593254,정류장
1380,원당분화원,33.521261,126.594278,정류장
1381,원동,33.40061,126.379166,정류장
1382,원동입구,33.445879,126.337022,정류장
1383,원물오름,33.318603,126.346516,정류장
1384,원불교,33.284498,126.715223,정류장
1385,월광동굴동산,33.294989,126.25717,정류장
1386,월광로,33.4932,126.475367,정류장
1387,월구마을,33.500133,126.507,정류장
1388,월라봉,33.26225,126.605617,정류장
1389,월랑 입구,33.49395,126.471567,정류장
1390,월랑로 입구,33.493683,126.472133,정류장
1391,월랑마을 남녕고등학교,33.4877,126.482196,정류장
1392,월랑초등학교,33.49265,126.4791,정류장
1393,월령리,33.375954,126.217399,정류장
1394,월림,33.347917,126.256083,정류장
1395,월림리,33.354767,126.26165,정류장
1396,월림삼거리,33.350017,126.2562,정류장
1397,월산동,33.259899,126.491708,정류장
1398,월산마을,33.473051,126.463467,정류장
1399,월산정수장입구,33.4784,126.468695,정류장
1400,월성마을회관,33.502317,126.50475,정류장
1401,월정리,33.551966,126.790504,정류장
1402,월정리 용천동,33.550512,126.781761,정류장
1403,월정사,33.467617,126.51045,정류장
1404,월평 아왜낭목,33.243533,126.4588,정류장
1405,월평마을,33.469762,126.575186,정류장
1406,월평알동네,33.243271,126.460552,정류장
1407,위미1리사무소,33.274117,126.65645,정류장
1408,위미감협,33.281074,126.669247,정류장
1409,위미농협 하례지소,33.297676,126.609549,정류장
1410,위미문화의집,33.274767,126.658375,정류장
1411,위미정수장,33.286417,126.672383,정류장
1412,위미중학교,33.280625,126.662258,정류장
1413,위미초등학교,33.273667,126.65455,정류장
1414,유수암 천,33.442995,126.400665,정류장
1415,유수암(거문덕이),33.431052,126.400202,정류장
1416,유수암리입구,33.443392,126.391035,정류장
1417,유수암상동경로당,33.422941,126.405053,정류장
1418,은남동,33.485822,126.490897,정류장
1419,응전동,33.28295,126.300367,정류장
1420,의귀 산하동,33.29895,126.720967,정류장
1421,의귀교회 앞,33.31235,126.713867,정류장
1422,의귀리 월산동,33.312472,126.721456,정류장
1423,의귀서동네,33.309645,126.711738,정류장
1424,의귀환승정류장(의귀초등학교),33.310658,126.714778,정류장
1425,이교동삼거리,33.226244,126.271148,정류장
1426,이기풍선교기념관,33.455887,126.662277,정류장
1427,이도2동행정복지센터,33.496505,126.536405,정류장
1428,이도근린공원,33.497083,126.545067,정류장
1429,이도주공아파트,33.490199,126.533988,정류장
1430,이스트소프트,33.447226,126.571472,정류장
1431,이시돌 삼거리,33.344667,126.316717,정류장
1432,이시돌단지,33.358833,126.334633,정류장
1433,이천장물,33.241757,126.467488,정류장
1434,이호2동,33.495076,126.461218,정류장
1435,이호동 동마을,33.500406,126.461536,정류장
1436,이호동물병원,33.353666,126.315453,정류장
1437,이호동주민센터,33.49905,126.458783,정류장
1438,이호테우해수욕장,33.496326,126.455387,정류장
1439,이화농장,33.324767,126.731567,정류장
1440,이화아파트,33.51828,126.53985,정류장
1441,인다마을,33.47145,126.5454,정류장
1442,인성리(남문지앞사거리),33.248102,126.27803,정류장
1443,인성리(보성농협앞),33.2482,126.276917,정류장
1444,인향동입구,33.272294,126.245711,정류장
1445,인화동,33.509233,126.5394,정류장
1446,인화동입구,33.512717,126.538517,정류장
1447,인화초등학교,33.50668,126.539366,정류장
1448,일과2리 사무소,33.2452,126.223812,정류장
1449,일과2리 서림수원지입구,33.242317,126.228978,정류장
1450,일도2동주민센터,33.510685,126.539065,정류장
1451,일성콘도미니엄,33.384988,126.221689,정류장
1452,일우 한란 아파트,33.492601,126.431025,정류장
1453,일출랜드입구,33.380747,126.845068,정류장
1454,임항로,33.521023,126.54047,정류장
1455,입석동,33.31595,126.596733,정류장
1456,입전동,33.423755,126.284413,정류장
1457,자연빌라,33.262183,126.538983,정류장
1458,자운당,33.467341,126.357038,정류장
1459,자운당사거리,33.466757,126.357785,정류장
1460,작박동네,33.2532,126.423733,정류장
1461,장구마을,33.476373,126.53248,정류장
1462,장머들,33.520583,126.568433,정류장
1463,장안그랜드빌라,33.243647,126.596244,정류장
1464,장애인복지회관,33.286417,126.584315,정류장
1465,장전리동가름,33.452539,126.395321,정류장
1466,장전리사무소,33.450883,126.38845,정류장
1467,장전리입구,33.443518,126.391119,정류장
1468,장전알동네,33.452236,126.385551,정류장
1469,장전초등학교,33.450536,126.390522,정류장
1470,장지동산,33.401401,126.882021,정류장
1471,저지남동,33.3301,126.25515,정류장
1472,저지리,33.326697,126.25343,정류장
1473,저지리 수동,33.3369,126.23625,정류장
1474,저지리사무소,33.333417,126.256483,정류장
1475,저지리성전동,33.3413,126.256983,정류장
1476,저지리신흥동,33.338556,126.263964,정류장
1477,저지리알못,33.335831,126.2637,정류장
1478,저청중학교,33.325617,126.251733,정류장
1479,전경대 입구,33.506985,126.876996,정류장
1480,전국환경감시협회/편백숲마을,33.461799,126.660931,정류장
1481,전원마을,33.474559,126.638685,정류장
1482,전원유치원,33.487242,126.53966,정류장
1483,정든마을,33.487447,126.474057,정류장
1484,정든마을3단지,33.490069,126.471288,정류장
1485,정문동,33.249641,126.393561,정류장
1486,정부제주 지방합동청사,33.49205,126.527383,정류장
1487,정실,33.46962,126.509668,정류장
1488,정실마을,33.469183,126.509717,정류장
1489,정실오거리,33.467083,126.514483,정류장
1490,정존마을,33.481317,126.4733,정류장
1491,제2효레교,33.284717,126.6083,정류장
1492,제3의귀교,33.312352,126.71925,정류장
1493,제4부두,33.520327,126.538084,정류장
1494,제6부두,33.522174,126.544637,정류장
1495,제대마을,33.457724,126.554014,정류장
1496,제대아파트,33.4589,126.5573,정류장
1497,제석공원,33.246083,126.566966,정류장
1498,제석머리,33.315067,126.176941,정류장
1499,제성마을,33.493611,126.485401,정류장
1500,제원아파트,33.487531,126.489892,정류장
1501,제일교 동문시장입구,33.51235,126.53175,정류장
1502,제일농장,33.492819,126.668375,정류장
1503,제일빌리지,33.460685,126.444842,정류장
1504,제주 썬호텔,33.489719,126.493703,정류장
1505,제주고등학교,33.472216,126.484391,정류장
1506,제주고등학교/중흥S클래스,33.47626,126.481417,정류장
1507,제주공룡랜드,33.44329,126.431859,정류장
1508,제주공천포 전지훈련센터,33.274333,126.639471,정류장
1509,제주관광대학,33.447524,126.435203,정류장
1510,제주교통방송 아라아이파크,33.477994,126.550031,정류장
1511,제주국제공항(600번),33.505772,126.492522,정류장
1512," 제주국제공항1(표선,성산,남원)",33.506625,126.493982,정류장
1513," 제주국제공항3(용담,시청)",33.506611,126.493456,정류장
1514," 제주국제공항6(노형,연동)",33.506099,126.492756,정류장
1515,제주국제공항입구,33.504612,126.49647,정류장
1516,제주국제대학교,33.438379,126.569984,정류장
1517,제주국제자유도시 개발센터,33.452864,126.571306,정류장
1518,제주국제컨벤션센터,33.243475,126.424896,정류장
1519,제주국제컨벤션센터 중문대포해안주상절리대,33.242833,126.424997,정류장
1520,제주대학교,33.460114,126.561659,정류장
1521,제주대학교 입구,33.456733,126.55105,정류장
1522,제주대학교교육대학,33.5137,126.553883,정류장
1523,제주대학교병원,33.469089,126.547389,정류장
1524,제주대학교입구,33.456718,126.550757,정류장
1525,제주도립미술관입구,33.454537,126.487107,정류장
1526,제주도청 신제주로터리,33.491433,126.496783,정류장
1527,제주돌문화공원,33.447473,126.664015,정류장
1528,제주동중학교,33.519583,126.570783,정류장
1529,제주동초등학교,33.513277,126.532802,정류장
1530,제주모자원입구,33.462861,126.566447,정류장
1531,제주목장,33.41726,126.677938,정류장
1532,제주민속식품입구,33.428513,126.751467,정류장
1533,제주민속오일장,33.493668,126.478463,정류장
1534,제주민속오일장입구,33.493759,126.474952,정류장
1535,제주민속자연사박물관(삼성혈/시티투어),33.506623,126.530344,정류장
1536,제주민속촌,33.324712,126.843224,정류장
1537,제주삼다수,33.421404,126.676642,정류장
1538,제주삼양동유적,33.5232,126.586422,정류장
1539,제주서부신협,33.328105,126.253816,정류장
1540,제주서중학교,33.493506,126.48168,정류장
1541,제주시보건소,33.491287,126.51937,정류장
1542,제주아트리움,33.466133,126.456833,정류장
1543,제주안전체험관,33.388951,126.372885,정류장
1544,제주여자상업고등학교,33.513933,126.536525,정류장
1545,제주여자중고등학교,33.484997,126.541707,정류장
1546,제주여자중고등학교 제주지방해양경찰청,33.485215,126.541792,정류장
1547,제주연안여객터미널,33.51915,126.53535,정류장
1548,제주영지학교,33.489294,126.542671,정류장
1549,제주오설록 티뮤지엄,33.305333,126.288008,정류장
1550,제주월드컵경기장 서귀포버스터미널,33.249483,126.508617,정류장
1551,제주월드컵경기장(600번),33.249109,126.509067,정류장
1552,제주유리의성,33.314132,126.271916,정류장
1553,제주은행,33.248076,126.563559,정류장
1554,제주의료원,33.445713,126.55843,정류장
1555,제주자동차검사소,33.514567,126.588986,정류장
1556,제주제일고등학교,33.480083,126.481967,정류장
1557,제주제일중학교,33.494206,126.539676,정류장
1558,제주조각공원,33.249311,126.321331,정류장
1559,제주조각공원입구,33.250638,126.321653,정류장
1560,제주중앙 여자중학교,33.505533,126.519766,정류장
1561,제주중앙고등학교,33.47149,126.571282,정류장
1562,제주중앙중학교,33.485533,126.499383,정류장
1563,제주중학교/제주향교,33.510783,126.5157,정류장
1564,제주컨트리클럽,33.433103,126.585177,정류장
1565,제주평화양로원,33.46532,126.614862,정류장
1566,제주평화양로원 입구,33.465503,126.611123,정류장
1567,제주학생문화원,33.501503,126.543171,정류장
1568,제주한라대학교,33.478083,126.47516,정류장
1569,제주해변공연장,33.517297,126.522467,정류장
1570,제주해안경비단,33.357274,126.823137,정류장
1571,제주해양경찰서,33.520416,126.539718,정류장
1572,조성동입구,33.357733,126.2737,정류장
1573,조수1리,33.3378,126.228,정류장
1574,조수1리 중동,33.334204,126.226998,정류장
1575,조수2리,33.29585,126.217633,정류장
1576,조수2리웃동네,33.296766,126.219968,정류장
1577,조수2리윗동네,33.296859,126.219613,정류장
1578,조수리,33.335758,126.228314,정류장
1579,조천도서관,33.537195,126.666697,정류장
1580,조천리,33.535783,126.63625,정류장
1581,조천리 상동,33.535227,126.6358,정류장
1582,조천만세동산,33.539583,126.6417,정류장
1583,조천읍사무소,33.534859,126.632169,정류장
1584,조천체육관,33.540067,126.642733,정류장
1585,조천초등학교,33.534967,126.632717,정류장
1586,조천환승정류장(조천리사무소),33.538267,126.6399,정류장
1587,조천환승정류장(조천우체국),33.5377,126.638767,정류장
1588,존손이굴,33.452856,126.359876,정류장
1589,종달리,33.49497,126.896371,정류장
1590,종달초등학교,33.493006,126.896363,정류장
1591,종보존연구센터,33.276117,126.681533,정류장
1592,종합사격장,33.441825,126.566247,정류장
1593,종합어시장,33.5164,126.527933,정류장
1594,좌기동,33.274537,126.234257,정류장
1595,주거물,33.243947,126.521245,정류장
1596,주공 2단지,33.2548,126.572517,정류장
1597,주공 3 4단지,33.250098,126.571865,정류장
1598,주공2단지,33.252846,126.571955,정류장
1599,주공2아파트,33.252248,126.571857,정류장
1600,주공6단지,33.262688,126.559048,정류장
1601,주공아파트,33.251084,126.572209,정류장
1602,주공아파트5단지,33.2646,126.56115,정류장
1603,주르레마을,33.450387,126.486479,정류장
1604,주암주택,33.54085,126.645433,정류장
1605,죽성마을 입구,33.46313,126.549102,정류장
1606,중동,33.437532,126.295727,정류장
1607,중문고등학교,33.252761,126.448583,정류장
1608,중문골프장,33.24985,126.407506,정류장
1609,중문관광단지,33.252383,126.412967,정류장
1610,중문관광단지 여미지식물원입구,33.252142,126.41268,정류장
1611,중문관광단지입구,33.255934,126.412617,정류장
1612,중문동,33.25155,126.4269,정류장
1613,중문보건지소,33.251145,126.434246,정류장
1614,중문초등학교,33.251415,126.430635,정류장
1615,중문환승정류장(중문우체국),33.25189,126.423392,정류장
1616,중앙로(국민은행),33.510733,126.5239,정류장
1617,중앙로(동문시장),33.511683,126.524567,정류장
1618,중앙로(중앙성당),33.512,126.524467,정류장
1619,중앙로(현대약국),33.510888,126.524217,정류장
1620,중앙로터리,33.25285,126.560583,정류장
1621,중앙로터리(동),33.252967,126.56135,정류장
1622,중앙마을,33.501633,126.5197,정류장
1623,중엄리,33.473658,126.373632,정류장
1624,중흥S클래스아파트,33.476389,126.482141,정류장
1625,지경곰,33.551927,126.768594,정류장
1626,지명뒤,33.475381,126.608379,정류장
1627,지세못,33.253155,126.463717,정류장
1628,진개동산,33.224111,126.247511,정류장
1629,진군을리,33.283669,126.36418,정류장
1630,진근동,33.404117,126.263566,정류장
1631,진드르,33.523466,126.606942,정류장
1632,진우파크빌,33.446134,126.905005,정류장
1633,진은동,33.282467,126.730517,정류장
1634,진진내,33.263017,126.544667,정류장
1635,진평연립입구,33.470533,126.522333,정류장
1636,진학농원,33.29995,126.615867,정류장
1637,차남동산,33.452548,126.838078,정류장
1638,창남거리,33.256236,126.581428,정류장
1639,창천리,33.265979,126.370856,정류장
1640,창천리남당물동산,33.261683,126.366167,정류장
1641,창천초등학교,33.264129,126.370711,정류장
1642,처남빌레,33.447811,126.339366,정류장
1643,천수동,33.508467,126.5419,정류장
1644,천제연폭포,33.25395,126.418983,정류장
1645,천지동주민센터,33.248083,126.5617,정류장
1646,천지연폭포입구,33.241211,126.561309,정류장
1647,첨단꿈에그린3단지 아파트,33.450393,126.577421,정류장
1648,청소년문화의집,33.250883,126.56405,정류장
1649,청소년수련원,33.377568,126.238626,정류장
1650,청수리,33.321211,126.244462,정류장
1651,청수리웃동네,33.319892,126.245973,정류장
1652,청수리평화동,33.30955,126.259333,정류장
1653,청용사,33.441916,126.330905,정류장
1654,청화마을 입구,33.456083,126.430229,정류장
1655," 청화마을입구,진밭동네",33.458976,126.426962,정류장
1656,초낭가름,33.488998,126.598399,정류장
1657,초록마을,33.440983,126.2856,정류장
1658,추사유배지,33.2491,126.278882,정류장
1659,축산진흥원입구,33.446856,126.487441,정류장
1660,충혼묘지,33.541567,126.6492,정류장
1661,충혼묘지광장,33.307708,126.570477,정류장
1662,측골,33.267317,126.583283,정류장
1663,칠전동,33.297683,126.194433,정류장
1664,칡오름,33.282733,126.607633,정류장
1665,카카오,33.451164,126.571309,정류장
1666,캐슬렉스골프클럽,33.337353,126.355428,정류장
1667,케이티앤지,33.482077,126.485355,정류장
1668,켄싱턴리조트 악근천,33.2344,126.490433,정류장
1669,켄싱턴리조트 중문점입구,33.250245,126.41022,정류장
1670,큰구릉내,33.487072,126.415426,정류장
1671,큰솔동산,33.247423,126.431851,정류장
1672,탄산온천,33.250453,126.298085,정류장
1673,탐라교육원,33.425875,126.532777,정류장
1674,탐라도뚜리농장,33.502367,126.642383,정류장
1675,탐라승마장,33.433622,126.716819,정류장
1676,탐라장애인 종합복지관,33.500228,126.525625,정류장
1677,탐라중학교,33.491117,126.545525,정류장
1678,탐라중학교/샤인학원,33.49075,126.545303,정류장
1679,탑동입구,33.515313,126.524668,정류장
1680,탑동푸른쉼터,33.516562,126.527116,정류장
1681,태흥3리,33.295683,126.760833,정류장
1682,태흥3리사무소,33.293583,126.757833,정류장
1683,태흥목장,33.3798,126.684867,정류장
1684,태흥초등학교,33.286351,126.745012,정류장
1685," 테디밸리 골프앤리조트,헬로키티 아일랜드",33.291896,126.351198,정류장
1686,테왓동네,33.318998,126.243166,정류장
1687,토산1리 노인회관앞,33.329772,126.770165,정류장
1688,토산1리 리사무소앞,33.326082,126.765823,정류장
1689,토산1리 운동장,33.332828,126.76894,정류장
1690,토산1리 운동장입구,33.332671,126.769099,정류장
1691,토산관광지구입구,33.307376,126.786567,정류장
1692,토산보건소 동쪽,33.327483,126.76815,정류장
1693,토산보건진료소,33.326483,126.767508,정류장
1694,토산초등학교,33.309867,126.777033,정류장
1695,토산초등학교 후문,33.311701,126.776416,정류장
1696,토평 보목입구,33.25875,126.590617,정류장
1697,토평마을회관/서귀포교육지원청,33.271917,126.5898,정류장
1698,토평반석타운,33.271146,126.594323,정류장
1699,토평초등학교,33.268,126.588883,정류장
1700,틀라목,33.500972,126.676963,정류장
1701,파라다이스호텔입구,33.247533,126.57692,정류장
1702,파르나스호텔,33.245109,126.405794,정류장
1703,파인힐호텔,33.241119,126.56464,정류장
1704,판포리,33.364804,126.200251,정류장
1705,판포리 상동,33.367678,126.204191,정류장
1706,편백숲마을,33.46094,126.661389,정류장
1707,평대,33.528609,126.839121,정류장
1708,평대리 앞거리,33.528785,126.839006,정류장
1709,평대리동동,33.524407,126.849792,정류장
1710,평대리사무소,33.528283,126.842334,정류장
1711,평대리서동,33.530785,126.837627,정류장
1712,평대초등학교,33.529455,126.839239,정류장
1713,평생학습관,33.249504,126.558068,정류장
1714,평안전문요양원,33.280683,126.588267,정류장
1715,평지동,33.280783,126.226467,정류장
1716,평지동 옹기박물관,33.282167,126.223817,정류장
1717,평화동,33.309517,126.259433,정류장
1718,평화동 회관,33.307042,126.253551,정류장
1719,평화로 광령1리입구,33.455805,126.441794,정류장
1720,평화박물관입구,33.304656,126.258589,정류장
1721,평화의마을,33.27955,126.293367,정류장
1722,폭남동,33.345034,126.773288,정류장
1723,폭낭사거리,33.286633,126.745967,정류장
1724,표선고등학교,33.330542,126.830091,정류장
1725,표선도서관,33.325468,126.838747,정류장
1726,표선리 사거리,33.325696,126.8335,정류장
1727,표선면 충혼묘지,33.416213,126.762808,정류장
1728,표선오일시장,33.321026,126.830211,정류장
1729,표선중학교,33.32826,126.831221,정류장
1730,표선청년회의소,33.337289,126.828021,정류장
1731,표선초등학교,33.328275,126.83491,정류장
1732,표선파출소,33.324151,126.830697,정류장
1733,표선허브동산,33.330702,126.815984,정류장
1734,표선환승정류장(표선리 제주은행),33.326639,126.833173,정류장
1735,표선환승정류장(표선리사무소),33.325293,126.832416,정류장
1736,표선환승정류장(표선면사무소),33.326583,126.83235,정류장
1737,풍력생태길입구,33.433049,126.824209,정류장
1738,풍천초등학교,33.347477,126.850656,정류장
1739,하가 입구,33.452298,126.344205,정류장
1740,하가리 동카름,33.45773,126.35072,정류장
1741,하가리 오당빌레,33.453476,126.351259,정류장
1742,하가리연못,33.455665,126.348386,정류장
1743,하가삼거리,33.456183,126.348512,정류장
1744,하귀 하나로마트,33.483506,126.412096,정류장
1745,하귀1리,33.472225,126.419093,정류장
1746,하귀농협 경제사업장,33.458151,126.423773,정류장
1747,하귀농협장례식장,33.472685,126.425892,정류장
1748,하귀리,33.47955,126.39517,정류장
1749,하귀반석,33.477679,126.407993,정류장
1750,하귀우체국,33.481223,126.404504,정류장
1751,하귀초등학교,33.480223,126.401053,정류장
1752,하귀환승정류장(하귀하나로마트),33.485783,126.411717,정류장
1753,하귀휴먼시아 1단지,33.483386,126.415868,정류장
1754,하귀휴먼시아 2단지 앞,33.481302,126.414848,정류장
1755,하귀휴먼시아입구,33.485728,126.415154,정류장
1756,하나로아파트,33.510967,126.589183,정류장
1757,하덕천,33.502632,126.771111,정류장
1758,하도리,33.517905,126.882894,정류장
1759,하도리 개긋물,33.501333,126.88282,정류장
1760,하도리 서문동,33.527634,126.880865,정류장
1761,하도리 서문동입구,33.519933,126.871345,정류장
1762,하도리동동,33.515981,126.884212,정류장
1763,하도리면수동,33.520637,126.868695,정류장
1764,하도리창흥동,33.50874,126.887356,정류장
1765,하도초등학교,33.517868,126.879015,정류장
1766,하동복지회관,33.444369,126.296766,정류장
1767,하례1리입구,33.263671,126.626185,정류장
1768,하례2리,33.289328,126.606227,정류장
1769,하모2리,33.221467,126.252767,정류장
1770,하모3리,33.221583,126.251067,정류장
1771,하모3리 축협,33.224643,126.25233,정류장
1772,하모체육공원,33.218455,126.252093,정류장
1773,하예중동,33.2416,126.384133,정류장
1774,하예하동,33.23628,126.373214,정류장
1775,하원동,33.253667,126.461667,정류장
1776,하원초등학교,33.253167,126.460067,정류장
1777,하천 상동 회관앞,33.352867,126.838933,정류장
1778,하천리 마을입구,33.353968,126.823335,정류장
1779,하천리 몰고랑터,33.353863,126.836787,정류장
1780,하천리 세골세,33.349434,126.840001,정류장
1781,하천리 중동,33.347547,126.840525,정류장
1782,하천리취락구조,33.337583,126.842691,정류장
1783,하천신동산 입구,33.351527,126.839166,정류장
1784,하천하동,33.340329,126.844894,정류장
1785,학원동,33.474933,126.397667,정류장
1786,한경면사무소,33.349976,126.183792,정류장
1787,한국BMI,33.448994,126.573199,정류장
1788,한국국제학교,33.287247,126.281734,정류장
1789,한국방송통신대학,33.486723,126.473411,정류장
1790,한국병원,33.500054,126.518076,정류장
1791,한국오우퍼빌,33.257783,126.572133,정류장
1792,한국통신,33.412767,126.261156,정류장
1793,한남교,33.312577,126.696754,정류장
1794,한남농장,33.299149,126.681364,정류장
1795,한남리사무소,33.311917,126.69555,정류장
1796,한남섯동네,33.311456,126.691651,정류장
1797,한담동,33.462636,126.312689,정류장
1798,한동리,33.537137,126.829679,정류장
1799,한동리서동,33.538681,126.826866,정류장
1800,한라도서관,33.476156,126.51472,정류장
1801,한라도서관입구/제주문학관,33.481192,126.514925,정류장
1802,한라병원,33.489633,126.486,정류장
1803,한라산교회,33.273215,126.568399,정류장
1804,한라산둘레길,33.328117,126.605859,정류장
1805,한라산둘레길(천아숲길입구),33.40935,126.477183,정류장
1806,한라생태숲,33.429557,126.597163,정류장
1807,한라수목원,33.469843,126.484908,정류장
1808,한라일보,33.498567,126.519665,정류장
1809,한라주택,33.488069,126.426803,정류장
1810,한라중학교/부영아파트,33.478867,126.483833,정류장
1811,한라초등학교,33.478999,126.486289,정류장
1812,한림2리,33.414017,126.26915,정류장
1813,한림3리,33.4122,126.2841,정류장
1814,한림고등학교,33.399152,126.258576,정류장
1815,한림공원,33.391783,126.238867,정류장
1816,한림발전소,33.401703,126.270838,정류장
1817,한림여자 중학교,33.410659,126.259581,정류장
1818,한림오일시장,33.420797,126.273594,정류장
1819,한림주유소,33.416717,126.264833,정류장
1820,한림천주교회,33.417108,126.264907,정류장
1821,한림환승정류장(한림리),33.414533,126.264267,정류장
1822,한마음근린공원,33.497041,126.545383,정류장
1823,한마음병원,33.495944,126.547205,정류장
1824,한마음선원 입구,33.489188,126.570274,정류장
1825,한밭입구,33.251063,126.35806,정류장
1826,한수리,33.421873,126.264086,정류장
1827,한원리,33.3341,126.200417,정류장
1828,한일베라체,33.494167,126.54855,정류장
1829,한장동,33.290417,126.167517,정류장
1830,한지동,33.309183,126.812233,정류장
1831,한천동,33.394622,126.274562,정류장
1832,한화아파트,33.47902,126.483084,정류장
1833,한흘마을입구,33.495651,126.662025,정류장
1834,함덕5구,33.53426,126.675961,정류장
1835,함덕골,33.243167,126.598083,정류장
1836,함덕광명 샤인빌앞,33.538233,126.674617,정류장
1837,함덕농협주유소,33.536502,126.674926,정류장
1838,함덕농협지소,33.54235,126.664167,정류장
1839,함덕리 3구,33.541705,126.666596,정류장
1840,함덕리 4구,33.539982,126.673231,정류장
1841,함덕리(4구),33.54011,126.674739,정류장
1842,함덕비석거리,33.543217,126.661667,정류장
1843,함덕환승정류장(함덕해수욕장),33.541007,126.668767,정류장
1844,항애골,33.270996,126.640931,정류장
1845,해녀박물관,33.52166,126.863062,정류장
1846,해녀박물관입구,33.521117,126.863641,정류장
1847,해병대 제9여단,33.477513,126.499753,정류장
1848,해병대아파트입구,33.480362,126.497299,정류장
1849,해병부대,33.231009,126.262713,정류장
1850,해아미,33.429783,126.318692,정류장
1851,해안,33.458568,126.454344,정류장
1852,해안동,33.46275,126.45255,정류장
1853,해안동입구,33.462761,126.451154,정류장
1854,해양맨션,33.537388,126.63999,정류장
1855,해양연구소,33.543753,126.658556,정류장
1856,해오름아파트,33.4818,126.486383,정류장
1857,행원농공단지,33.54921,126.814443,정류장
1858,행원리,33.552838,126.808394,정류장
1859,행원목장,33.517654,126.77021,정류장
1860,향기마을,33.344264,126.789709,정류장
1861,향토오일시장,33.267433,126.575167,정류장
1862,허물서,33.2385,126.473867,정류장
1863,현대산부인과,33.249183,126.5671,정류장
1864,현사마을,33.494731,126.449613,정류장
1865,협재리,33.398218,126.245543,정류장
1866,협재해수욕장,33.394233,126.240817,정류장
1867,혜성무지개타운,33.4954,126.541783,정류장
1868,혜원정사,33.490383,126.60065,정류장
1869,혜정원 아가의집,33.516256,126.677843,정류장
1870,호근사거리,33.257331,126.527532,정류장
1871,호근새마을금고,33.257446,126.527562,정류장
1872,혼인지입구,33.411017,126.898817,정류장
1873,혼착밭,33.239219,126.470974,정류장
1874,홍랑로입구,33.499974,126.523865,정류장
1875,화물청사입구,33.504183,126.504483,정류장
1876,화북공업지역입구,33.511737,126.564534,정류장
1877,화북동마을,33.523517,126.567517,정류장
1878,화북서마을,33.522875,126.562871,정류장
1879,화북주공아파트,33.521226,126.575887,정류장
1880,화북주공아파트입구,33.518817,126.572717,정류장
1881,화북중마을,33.523333,126.564723,정류장
1882,화북초등학교,33.517695,126.562406,정류장
1883,화북초등학교후문,33.520228,126.563193,정류장
1884,화북휴먼시아,33.517371,126.574681,정류장
1885,화북휴먼시아정문,33.515888,126.576574,정류장
1886,화성농장,33.391967,126.889533,정류장
1887,화순동취락지구,33.249218,126.339319,정류장
1888,화순리,33.246317,126.331967,정류장
1889,화순리 생태탐방로,33.265071,126.333502,정류장
1890,화순문화마을,33.252513,126.33019,정류장
1891,화순환승정류장(안덕농협),33.246517,126.335067,정류장
1892,화전마을,33.351429,126.359021,정류장
1893,환경시설관리소,33.479524,126.625721,정류장
1894,활오름,33.261195,126.483202,정류장
1895,황사평,33.494567,126.563665,정류장
1896,황세왓동산,33.492965,126.56709,정류장
1897,회수동,33.263685,126.443918,정류장
1898,회수삼거리,33.261123,126.442241,정류장
1899,효돈중학교,33.263633,126.620083,정류장
1900,효돈초등학교,33.263583,126.616945,정류장
1901,효례교,33.263653,126.621854,정류장
1902,효성빌라,33.251648,126.576764,정류장
1903,흙통,33.26191,126.582277,정류장
1904,흥국사,33.452319,126.37774,정류장
1905,희진주유소,33.37661,126.873644,정류장
